sku_id,zone,velocity_class,count_date,system_qty,counted_qty
SKU-0012,D,C,2025-07-01,93,93
SKU-0016,A,B,2025-07-01,114,114
SKU-0024,C,B,2025-07-01,114,114
SKU-0067,C,C,2025-07-01,36,36
SKU-0075,B,C,2025-07-01,96,96
SKU-0095,A,C,2025-07-01,25,25
SKU-0122,D,C,2025-07-01,247,247
SKU-0138,B,B,2025-07-01,59,59
SKU-0172,C,B,2025-07-01,27,27
SKU-0010,C,C,2025-07-02,52,52
SKU-0050,A,B,2025-07-02,37,37
SKU-0107,E,C,2025-07-02,59,59
SKU-0139,E,B,2025-07-02,96,96
SKU-0141,A,C,2025-07-02,319,319
SKU-0152,B,A,2025-07-02,87,87
SKU-0155,E,B,2025-07-02,98,105
SKU-0167,A,C,2025-07-02,144,144
SKU-0173,D,C,2025-07-02,55,55
SKU-0176,B,C,2025-07-02,91,91
SKU-0195,E,A,2025-07-02,155,155
SKU-0223,C,A,2025-07-02,28,28
SKU-0018,D,B,2025-07-03,26,26
SKU-0027,C,B,2025-07-03,178,178
SKU-0038,C,C,2025-07-03,90,90
SKU-0062,C,A,2025-07-03,210,210
SKU-0076,A,C,2025-07-03,9,9
SKU-0105,B,B,2025-07-03,162,162
SKU-0128,D,C,2025-07-03,74,74
SKU-0153,C,C,2025-07-03,90,90
SKU-0166,D,C,2025-07-03,209,209
SKU-0174,C,A,2025-07-03,34,34
SKU-0205,C,C,2025-07-03,75,75
SKU-0225,C,C,2025-07-03,76,76
SKU-0227,A,B,2025-07-03,41,41
SKU-0247,D,B,2025-07-03,57,57
SKU-0029,C,B,2025-07-04,60,60
SKU-0046,B,A,2025-07-04,102,111
SKU-0049,C,C,2025-07-04,674,674
SKU-0058,D,A,2025-07-04,80,80
SKU-0108,C,B,2025-07-04,50,50
SKU-0163,A,C,2025-07-04,60,60
SKU-0177,A,B,2025-07-04,428,428
SKU-0191,C,A,2025-07-04,67,67
SKU-0249,B,B,2025-07-04,40,40
SKU-0250,B,B,2025-07-04,25,25
SKU-0080,D,B,2025-07-05,133,133
SKU-0099,B,A,2025-07-05,354,354
SKU-0125,D,B,2025-07-05,12,12
SKU-0134,B,B,2025-07-05,683,683
SKU-0148,C,C,2025-07-05,171,171
SKU-0149,C,B,2025-07-05,72,72
SKU-0179,A,C,2025-07-05,174,174
SKU-0239,A,C,2025-07-05,41,41
SKU-0001,B,C,2025-07-06,116,116
SKU-0002,D,C,2025-07-06,36,36
SKU-0078,B,A,2025-07-06,273,263
SKU-0098,D,B,2025-07-06,110,110
SKU-0126,C,C,2025-07-06,27,27
SKU-0160,A,C,2025-07-06,237,237
SKU-0196,B,B,2025-07-06,162,162
SKU-0207,B,C,2025-07-06,329,329
SKU-0226,B,C,2025-07-06,37,37
SKU-0033,D,C,2025-07-07,46,46
SKU-0044,E,B,2025-07-07,46,46
SKU-0087,B,A,2025-07-07,109,109
SKU-0140,C,A,2025-07-07,52,52
SKU-0194,A,C,2025-07-07,45,45
SKU-0005,A,B,2025-07-08,36,36
SKU-0115,D,C,2025-07-08,67,67
SKU-0168,B,C,2025-07-08,224,224
SKU-0200,C,C,2025-07-08,40,40
SKU-0237,B,C,2025-07-08,42,42
SKU-0007,D,B,2025-07-09,87,87
SKU-0059,B,C,2025-07-09,222,222
SKU-0101,C,B,2025-07-09,38,38
SKU-0120,D,A,2025-07-09,16,16
SKU-0131,C,C,2025-07-09,32,32
SKU-0132,C,C,2025-07-09,13,13
SKU-0133,C,C,2025-07-09,42,42
SKU-0159,B,B,2025-07-09,31,31
SKU-0170,E,A,2025-07-09,70,70
SKU-0215,C,C,2025-07-09,26,26
SKU-0246,D,B,2025-07-09,223,223
SKU-0041,B,C,2025-07-10,99,99
SKU-0045,B,A,2025-07-10,45,45
SKU-0047,A,B,2025-07-10,95,95
SKU-0109,D,B,2025-07-10,80,80
SKU-0112,C,C,2025-07-10,61,61
SKU-0175,E,A,2025-07-10,61,61
SKU-0192,A,C,2025-07-10,123,123
SKU-0020,E,B,2025-07-11,83,83
SKU-0055,D,B,2025-07-11,269,269
SKU-0102,C,A,2025-07-11,46,46
SKU-0111,E,C,2025-07-11,47,47
SKU-0151,B,C,2025-07-11,18,18
SKU-0231,B,C,2025-07-11,11,11
SKU-0243,C,C,2025-07-11,23,23
SKU-0248,A,B,2025-07-11,29,29
SKU-0004,D,C,2025-07-12,117,117
SKU-0014,B,C,2025-07-12,150,150
SKU-0025,A,C,2025-07-12,288,288
SKU-0057,E,A,2025-07-12,175,175
SKU-0088,C,B,2025-07-12,153,153
SKU-0093,A,C,2025-07-12,257,257
SKU-0104,C,A,2025-07-12,217,217
SKU-0130,C,C,2025-07-12,80,80
SKU-0142,D,A,2025-07-12,224,224
SKU-0150,C,A,2025-07-12,22,22
SKU-0190,D,C,2025-07-12,119,119
SKU-0199,C,B,2025-07-12,80,80
SKU-0233,D,A,2025-07-12,47,47
SKU-0245,D,B,2025-07-12,135,135
SKU-0006,D,B,2025-07-13,5,5
SKU-0037,A,B,2025-07-13,171,171
SKU-0092,A,C,2025-07-13,36,36
SKU-0127,C,A,2025-07-13,143,143
SKU-0135,B,B,2025-07-13,327,327
SKU-0181,C,B,2025-07-13,259,259
SKU-0185,C,C,2025-07-13,192,192
SKU-0229,E,C,2025-07-13,32,32
SKU-0023,A,C,2025-07-14,117,117
SKU-0032,B,C,2025-07-14,161,161
SKU-0061,C,A,2025-07-14,203,203
SKU-0068,C,B,2025-07-14,71,68
SKU-0070,C,C,2025-07-14,154,154
SKU-0090,C,C,2025-07-14,308,308
SKU-0165,C,B,2025-07-14,128,128
SKU-0209,A,C,2025-07-14,36,36
SKU-0213,A,A,2025-07-14,59,59
SKU-0224,D,C,2025-07-14,60,60
SKU-0013,A,B,2025-07-15,27,27
SKU-0039,D,B,2025-07-15,89,89
SKU-0100,C,A,2025-07-15,76,76
SKU-0113,E,B,2025-07-15,303,303
SKU-0198,C,B,2025-07-15,35,36
SKU-0202,D,C,2025-07-15,23,23
SKU-0218,E,C,2025-07-15,463,463
SKU-0235,C,C,2025-07-15,200,200
SKU-0008,A,C,2025-07-16,18,18
SKU-0036,B,B,2025-07-16,44,44
SKU-0065,E,A,2025-07-16,288,288
SKU-0091,C,C,2025-07-16,129,129
SKU-0171,C,B,2025-07-16,47,47
SKU-0180,D,B,2025-07-16,160,160
SKU-0184,C,A,2025-07-16,307,307
SKU-0201,D,B,2025-07-16,52,52
SKU-0204,C,B,2025-07-16,77,77
SKU-0219,D,A,2025-07-16,257,257
SKU-0230,C,B,2025-07-16,240,240
SKU-0079,B,C,2025-07-17,135,135
SKU-0097,E,C,2025-07-17,57,57
SKU-0106,B,C,2025-07-17,152,152
SKU-0118,D,C,2025-07-17,58,58
SKU-0189,D,B,2025-07-17,24,24
SKU-0221,E,C,2025-07-17,48,48
SKU-0242,E,B,2025-07-17,43,43
SKU-0053,C,C,2025-07-18,138,138
SKU-0072,A,C,2025-07-18,115,115
SKU-0073,A,C,2025-07-18,117,117
SKU-0157,D,B,2025-07-18,227,227
SKU-0164,A,B,2025-07-18,23,23
SKU-0193,C,C,2025-07-18,42,42
SKU-0015,B,C,2025-07-19,60,60
SKU-0019,D,B,2025-07-19,107,107
SKU-0069,E,B,2025-07-19,60,60
SKU-0077,D,A,2025-07-19,230,230
SKU-0084,B,B,2025-07-19,120,120
SKU-0119,C,C,2025-07-19,61,61
SKU-0144,A,C,2025-07-19,47,47
SKU-0154,C,C,2025-07-19,67,67
SKU-0161,C,C,2025-07-19,17,17
SKU-0197,B,A,2025-07-19,84,84
SKU-0214,A,B,2025-07-19,33,33
SKU-0042,A,B,2025-07-20,81,81
SKU-0051,C,C,2025-07-20,323,323
SKU-0081,B,C,2025-07-20,218,218
SKU-0085,C,C,2025-07-20,134,134
SKU-0089,B,A,2025-07-20,171,171
SKU-0121,D,C,2025-07-20,24,24
SKU-0124,D,B,2025-07-20,86,86
SKU-0156,B,C,2025-07-20,98,98
SKU-0182,B,C,2025-07-20,265,265
SKU-0187,E,C,2025-07-20,151,151
SKU-0210,D,C,2025-07-20,15,15
SKU-0244,D,B,2025-07-20,7,7
SKU-0064,D,B,2025-07-21,18,18
SKU-0086,B,A,2025-07-21,108,108
SKU-0117,C,B,2025-07-21,24,23
SKU-0147,B,C,2025-07-21,40,40
SKU-0178,B,C,2025-07-21,36,36
SKU-0186,A,B,2025-07-21,233,233
SKU-0066,B,C,2025-07-22,164,164
SKU-0082,D,B,2025-07-22,83,83
SKU-0103,E,C,2025-07-22,148,148
SKU-0188,C,C,2025-07-22,16,16
SKU-0203,E,B,2025-07-22,33,33
SKU-0232,C,C,2025-07-22,162,162
SKU-0003,A,B,2025-07-23,260,260
SKU-0028,A,A,2025-07-23,113,113
SKU-0043,A,B,2025-07-23,65,65
SKU-0063,C,C,2025-07-23,137,137
SKU-0094,C,B,2025-07-23,123,123
SKU-0110,D,C,2025-07-23,192,192
SKU-0145,E,B,2025-07-23,11,11
SKU-0146,C,C,2025-07-23,187,187
SKU-0040,D,A,2025-07-24,71,71
SKU-0048,D,B,2025-07-24,44,44
SKU-0052,D,C,2025-07-24,71,71
SKU-0136,E,B,2025-07-24,77,77
SKU-0137,E,C,2025-07-24,56,56
SKU-0183,D,C,2025-07-24,36,36
SKU-0217,D,B,2025-07-24,288,288
SKU-0011,B,C,2025-07-25,96,96
SKU-0026,A,C,2025-07-25,102,102
SKU-0034,B,C,2025-07-25,76,76
SKU-0035,A,B,2025-07-25,178,178
SKU-0071,A,B,2025-07-25,137,137
SKU-0129,D,B,2025-07-25,140,140
SKU-0158,E,B,2025-07-25,92,92
SKU-0169,B,C,2025-07-25,17,17
SKU-0206,D,B,2025-07-25,152,137
SKU-0228,C,A,2025-07-25,14,14
SKU-0234,D,C,2025-07-25,117,117
SKU-0021,B,C,2025-07-26,12,12
SKU-0083,D,B,2025-07-26,568,568
SKU-0096,D,C,2025-07-26,55,55
SKU-0123,B,B,2025-07-26,49,49
SKU-0162,E,B,2025-07-26,44,44
SKU-0211,C,C,2025-07-26,459,459
SKU-0220,D,B,2025-07-26,124,124
SKU-0222,D,A,2025-07-26,57,57
SKU-0236,B,C,2025-07-26,166,166
SKU-0009,A,A,2025-07-27,80,80
SKU-0022,B,B,2025-07-27,83,83
SKU-0031,D,C,2025-07-27,19,19
SKU-0054,E,C,2025-07-27,137,137
SKU-0208,B,C,2025-07-27,338,338
SKU-0216,A,A,2025-07-27,122,122
SKU-0017,B,B,2025-07-28,35,35
SKU-0030,C,B,2025-07-28,43,42
SKU-0056,C,A,2025-07-28,41,41
SKU-0060,D,C,2025-07-28,276,276
SKU-0074,A,C,2025-07-28,41,41
SKU-0114,E,C,2025-07-28,160,160
SKU-0116,E,A,2025-07-28,176,176
SKU-0143,A,B,2025-07-28,77,77
SKU-0212,B,C,2025-07-28,156,156
SKU-0238,E,A,2025-07-28,110,110
SKU-0240,D,C,2025-07-28,42,42
SKU-0241,A,C,2025-07-28,54,54
SKU-0032,B,C,2025-08-01,334,334
SKU-0038,C,C,2025-08-01,18,18
SKU-0043,A,B,2025-08-01,95,95
SKU-0046,B,A,2025-08-01,276,276
SKU-0058,D,A,2025-08-01,43,43
SKU-0071,A,B,2025-08-01,174,174
SKU-0121,D,C,2025-08-01,22,22
SKU-0201,D,B,2025-08-01,64,64
SKU-0202,D,C,2025-08-01,17,17
SKU-0007,D,B,2025-08-02,683,683
SKU-0023,A,C,2025-08-02,474,474
SKU-0026,A,C,2025-08-02,69,69
SKU-0030,C,B,2025-08-02,434,434
SKU-0036,B,B,2025-08-02,116,116
SKU-0042,A,B,2025-08-02,375,375
SKU-0075,B,C,2025-08-02,159,159
SKU-0078,B,A,2025-08-02,87,87
SKU-0137,E,C,2025-08-02,22,22
SKU-0155,E,B,2025-08-02,25,25
SKU-0188,C,C,2025-08-02,106,106
SKU-0210,D,C,2025-08-02,400,400
SKU-0231,B,C,2025-08-02,83,83
SKU-0241,A,C,2025-08-02,92,92
SKU-0045,B,A,2025-08-03,122,122
SKU-0095,A,C,2025-08-03,192,192
SKU-0187,E,C,2025-08-03,70,70
SKU-0003,A,B,2025-08-04,28,28
SKU-0012,D,C,2025-08-04,39,39
SKU-0024,C,B,2025-08-04,103,101
SKU-0076,A,C,2025-08-04,194,194
SKU-0086,B,A,2025-08-04,6,6
SKU-0120,D,A,2025-08-04,31,31
SKU-0142,D,A,2025-08-04,70,70
SKU-0211,C,C,2025-08-04,99,99
SKU-0236,B,C,2025-08-04,178,178
SKU-0014,B,C,2025-08-05,57,57
SKU-0022,B,B,2025-08-05,81,81
SKU-0138,B,B,2025-08-05,156,156
SKU-0169,B,C,2025-08-05,80,80
SKU-0212,B,C,2025-08-05,102,102
SKU-0216,A,A,2025-08-05,59,59
SKU-0219,D,A,2025-08-05,67,74
SKU-0227,A,B,2025-08-05,323,323
SKU-0239,A,C,2025-08-05,115,115
SKU-0246,D,B,2025-08-05,55,55
SKU-0249,B,B,2025-08-05,33,33
SKU-0077,D,A,2025-08-06,131,131
SKU-0094,C,B,2025-08-06,368,368
SKU-0097,E,C,2025-08-06,363,363
SKU-0108,C,B,2025-08-06,103,103
SKU-0109,D,B,2025-08-06,239,239
SKU-0117,C,B,2025-08-06,205,209
SKU-0130,C,C,2025-08-06,116,116
SKU-0174,C,A,2025-08-06,54,54
SKU-0232,C,C,2025-08-06,190,190
SKU-0017,B,B,2025-08-07,198,198
SKU-0068,C,B,2025-08-07,97,97
SKU-0083,D,B,2025-08-07,13,13
SKU-0124,D,B,2025-08-07,105,105
SKU-0140,C,A,2025-08-07,23,24
SKU-0170,E,A,2025-08-07,303,303
SKU-0208,B,C,2025-08-07,42,42
SKU-0247,D,B,2025-08-07,79,79
SKU-0062,C,A,2025-08-08,280,280
SKU-0074,A,C,2025-08-08,146,146
SKU-0089,B,A,2025-08-08,99,99
SKU-0111,E,C,2025-08-08,110,110
SKU-0112,C,C,2025-08-08,73,73
SKU-0141,A,C,2025-08-08,29,29
SKU-0159,B,B,2025-08-08,32,32
SKU-0204,C,B,2025-08-08,521,521
SKU-0223,C,A,2025-08-08,134,134
SKU-0240,D,C,2025-08-08,119,119
SKU-0025,A,C,2025-08-09,101,101
SKU-0054,E,C,2025-08-09,104,104
SKU-0060,D,C,2025-08-09,44,44
SKU-0093,A,C,2025-08-09,163,163
SKU-0158,E,B,2025-08-09,71,71
SKU-0165,C,B,2025-08-09,60,60
SKU-0021,B,C,2025-08-10,123,123
SKU-0041,B,C,2025-08-10,66,66
SKU-0116,E,A,2025-08-10,9,10
SKU-0195,E,A,2025-08-10,65,65
SKU-0199,C,B,2025-08-10,190,190
SKU-0205,C,C,2025-08-10,411,411
SKU-0222,D,A,2025-08-10,209,209
SKU-0228,C,A,2025-08-10,151,152
SKU-0235,C,C,2025-08-10,58,58
SKU-0243,C,C,2025-08-10,18,18
SKU-0015,B,C,2025-08-11,70,70
SKU-0050,A,B,2025-08-11,38,37
SKU-0115,D,C,2025-08-11,76,76
SKU-0128,D,C,2025-08-11,85,85
SKU-0154,C,C,2025-08-11,93,93
SKU-0157,D,B,2025-08-11,155,155
SKU-0172,C,B,2025-08-11,69,74
SKU-0180,D,B,2025-08-11,84,84
SKU-0200,C,C,2025-08-11,111,111
SKU-0245,D,B,2025-08-11,187,187
SKU-0011,B,C,2025-08-12,158,158
SKU-0029,C,B,2025-08-12,594,594
SKU-0044,E,B,2025-08-12,65,65
SKU-0143,A,B,2025-08-12,241,241
SKU-0144,A,C,2025-08-12,12,12
SKU-0173,D,C,2025-08-12,358,358
SKU-0186,A,B,2025-08-12,108,108
SKU-0189,D,B,2025-08-12,193,193
SKU-0224,D,C,2025-08-12,62,62
SKU-0233,D,A,2025-08-12,48,48
SKU-0035,A,B,2025-08-13,103,103
SKU-0047,A,B,2025-08-13,94,94
SKU-0053,C,C,2025-08-13,59,59
SKU-0066,B,C,2025-08-13,468,468
SKU-0103,E,C,2025-08-13,139,139
SKU-0176,B,C,2025-08-13,32,32
SKU-0181,C,B,2025-08-13,158,158
SKU-0005,A,B,2025-08-14,111,111
SKU-0020,E,B,2025-08-14,175,175
SKU-0028,A,A,2025-08-14,222,222
SKU-0057,E,A,2025-08-14,37,37
SKU-0064,D,B,2025-08-14,70,70
SKU-0088,C,B,2025-08-14,37,37
SKU-0100,C,A,2025-08-14,89,89
SKU-0149,C,B,2025-08-14,227,227
SKU-0153,C,C,2025-08-14,75,72
SKU-0161,C,C,2025-08-14,34,34
SKU-0194,A,C,2025-08-14,514,514
SKU-0008,A,C,2025-08-15,17,17
SKU-0013,A,B,2025-08-15,52,52
SKU-0090,C,C,2025-08-15,195,195
SKU-0104,C,A,2025-08-15,16,16
SKU-0132,C,C,2025-08-15,24,24
SKU-0136,E,B,2025-08-15,66,64
SKU-0196,B,B,2025-08-15,35,35
SKU-0207,B,C,2025-08-15,94,94
SKU-0052,D,C,2025-08-16,131,131
SKU-0145,E,B,2025-08-16,42,42
SKU-0152,B,A,2025-08-16,249,249
SKU-0164,A,B,2025-08-16,5,5
SKU-0167,A,C,2025-08-16,65,65
SKU-0179,A,C,2025-08-16,65,65
SKU-0048,D,B,2025-08-17,55,55
SKU-0055,D,B,2025-08-17,39,39
SKU-0072,A,C,2025-08-17,97,97
SKU-0081,B,C,2025-08-17,563,563
SKU-0084,B,B,2025-08-17,52,52
SKU-0091,C,C,2025-08-17,56,56
SKU-0147,B,C,2025-08-17,82,82
SKU-0190,D,C,2025-08-17,50,50
SKU-0016,A,B,2025-08-18,548,548
SKU-0027,C,B,2025-08-18,39,39
SKU-0037,A,B,2025-08-18,99,99
SKU-0049,C,C,2025-08-18,30,30
SKU-0056,C,A,2025-08-18,72,72
SKU-0126,C,C,2025-08-18,17,17
SKU-0148,C,C,2025-08-18,223,223
SKU-0178,B,C,2025-08-18,66,66
SKU-0183,D,C,2025-08-18,31,31
SKU-0217,D,B,2025-08-18,65,65
SKU-0230,C,B,2025-08-18,69,69
SKU-0031,D,C,2025-08-19,122,122
SKU-0092,A,C,2025-08-19,260,260
SKU-0134,B,B,2025-08-19,187,187
SKU-0150,C,A,2025-08-19,109,109
SKU-0168,B,C,2025-08-19,130,130
SKU-0175,E,A,2025-08-19,65,65
SKU-0214,A,B,2025-08-19,74,74
SKU-0080,D,B,2025-08-20,32,32
SKU-0101,C,B,2025-08-20,149,149
SKU-0131,C,C,2025-08-20,26,26
SKU-0162,E,B,2025-08-20,46,46
SKU-0185,C,C,2025-08-20,186,186
SKU-0213,A,A,2025-08-20,30,30
SKU-0238,E,A,2025-08-20,69,69
SKU-0244,D,B,2025-08-20,45,45
SKU-0001,B,C,2025-08-21,61,61
SKU-0018,D,B,2025-08-21,35,35
SKU-0051,C,C,2025-08-21,42,42
SKU-0061,C,A,2025-08-21,12,12
SKU-0067,C,C,2025-08-21,13,13
SKU-0073,A,C,2025-08-21,20,20
SKU-0099,B,A,2025-08-21,124,124
SKU-0106,B,C,2025-08-21,92,92
SKU-0113,E,B,2025-08-21,164,164
SKU-0125,D,B,2025-08-21,128,128
SKU-0135,B,B,2025-08-21,11,11
SKU-0139,E,B,2025-08-21,384,384
SKU-0151,B,C,2025-08-21,71,71
SKU-0004,D,C,2025-08-22,209,209
SKU-0085,C,C,2025-08-22,73,73
SKU-0122,D,C,2025-08-22,116,116
SKU-0191,C,A,2025-08-22,20,19
SKU-0192,A,C,2025-08-22,36,36
SKU-0198,C,B,2025-08-22,40,40
SKU-0206,D,B,2025-08-22,12,12
SKU-0229,E,C,2025-08-22,42,42
SKU-0002,D,C,2025-08-23,7,7
SKU-0019,D,B,2025-08-23,42,42
SKU-0033,D,C,2025-08-23,183,183
SKU-0059,B,C,2025-08-23,166,166
SKU-0065,E,A,2025-08-23,151,151
SKU-0082,D,B,2025-08-23,27,27
SKU-0105,B,B,2025-08-23,20,20
SKU-0119,C,C,2025-08-23,156,156
SKU-0133,C,C,2025-08-23,85,85
SKU-0184,C,A,2025-08-23,139,139
SKU-0203,E,B,2025-08-23,85,85
SKU-0220,D,B,2025-08-23,72,72
SKU-0226,B,C,2025-08-23,667,667
SKU-0009,A,A,2025-08-24,33,33
SKU-0087,B,A,2025-08-24,38,38
SKU-0127,C,A,2025-08-24,79,79
SKU-0166,D,C,2025-08-24,122,122
SKU-0221,E,C,2025-08-24,49,49
SKU-0063,C,C,2025-08-25,77,77
SKU-0156,B,C,2025-08-25,154,154
SKU-0160,A,C,2025-08-25,120,120
SKU-0163,A,C,2025-08-25,262,262
SKU-0209,A,C,2025-08-25,328,328
SKU-0234,D,C,2025-08-25,22,22
SKU-0006,D,B,2025-08-26,201,201
SKU-0070,C,C,2025-08-26,49,49
SKU-0107,E,C,2025-08-26,21,21
SKU-0110,D,C,2025-08-26,20,20
SKU-0123,B,B,2025-08-26,125,125
SKU-0146,C,C,2025-08-26,113,113
SKU-0177,A,B,2025-08-26,60,60
SKU-0193,C,C,2025-08-26,182,182
SKU-0237,B,C,2025-08-26,62,62
SKU-0248,A,B,2025-08-26,44,44
SKU-0039,D,B,2025-08-27,33,33
SKU-0040,D,A,2025-08-27,12,12
SKU-0069,E,B,2025-08-27,52,52
SKU-0098,D,B,2025-08-27,60,60
SKU-0102,C,A,2025-08-27,120,132
SKU-0114,E,C,2025-08-27,323,323
SKU-0118,D,C,2025-08-27,33,33
SKU-0129,D,B,2025-08-27,49,49
SKU-0171,C,B,2025-08-27,87,87
SKU-0182,B,C,2025-08-27,122,122
SKU-0242,E,B,2025-08-27,141,141
SKU-0010,C,C,2025-08-28,246,246
SKU-0034,B,C,2025-08-28,67,67
SKU-0079,B,C,2025-08-28,133,133
SKU-0096,D,C,2025-08-28,156,156
SKU-0197,B,A,2025-08-28,113,113
SKU-0215,C,C,2025-08-28,186,186
SKU-0218,E,C,2025-08-28,48,48
SKU-0225,C,C,2025-08-28,159,159
SKU-0250,B,B,2025-08-28,33,33
SKU-0168,B,C,2025-09-01,89,89
SKU-0197,B,A,2025-09-01,194,194
SKU-0230,C,B,2025-09-01,164,164
SKU-0033,D,C,2025-09-02,60,60
SKU-0059,B,C,2025-09-02,43,43
SKU-0078,B,A,2025-09-02,76,76
SKU-0079,B,C,2025-09-02,204,204
SKU-0136,E,B,2025-09-02,227,227
SKU-0022,B,B,2025-09-03,61,61
SKU-0093,A,C,2025-09-03,37,37
SKU-0096,D,C,2025-09-03,47,47
SKU-0145,E,B,2025-09-03,172,172
SKU-0157,D,B,2025-09-03,18,18
SKU-0167,A,C,2025-09-03,75,75
SKU-0179,A,C,2025-09-03,117,117
SKU-0223,C,A,2025-09-03,42,42
SKU-0242,E,B,2025-09-03,125,125
SKU-0147,B,C,2025-09-04,123,123
SKU-0185,C,C,2025-09-04,69,69
SKU-0189,D,B,2025-09-04,111,111
SKU-0210,D,C,2025-09-04,56,56
SKU-0236,B,C,2025-09-04,169,169
SKU-0063,C,C,2025-09-05,63,63
SKU-0074,A,C,2025-09-05,304,304
SKU-0076,A,C,2025-09-05,130,130
SKU-0089,B,A,2025-09-05,25,25
SKU-0090,C,C,2025-09-05,341,317
SKU-0140,C,A,2025-09-05,25,25
SKU-0173,D,C,2025-09-05,192,192
SKU-0215,C,C,2025-09-05,117,117
SKU-0011,B,C,2025-09-06,148,148
SKU-0014,B,C,2025-09-06,147,147
SKU-0046,B,A,2025-09-06,140,140
SKU-0062,C,A,2025-09-06,56,56
SKU-0070,C,C,2025-09-06,85,85
SKU-0072,A,C,2025-09-06,51,51
SKU-0133,C,C,2025-09-06,60,60
SKU-0141,A,C,2025-09-06,109,109
SKU-0183,D,C,2025-09-06,65,65
SKU-0184,C,A,2025-09-06,41,41
SKU-0218,E,C,2025-09-06,80,80
SKU-0220,D,B,2025-09-06,314,314
SKU-0248,A,B,2025-09-06,101,101
SKU-0009,A,A,2025-09-07,16,16
SKU-0025,A,C,2025-09-07,40,40
SKU-0031,D,C,2025-09-07,38,38
SKU-0034,B,C,2025-09-07,149,149
SKU-0039,D,B,2025-09-07,432,432
SKU-0084,B,B,2025-09-07,129,129
SKU-0102,C,A,2025-09-07,71,71
SKU-0108,C,B,2025-09-07,41,41
SKU-0142,D,A,2025-09-07,24,24
SKU-0153,C,C,2025-09-07,111,111
SKU-0160,A,C,2025-09-07,140,140
SKU-0171,C,B,2025-09-07,24,24
SKU-0172,C,B,2025-09-07,90,90
SKU-0178,B,C,2025-09-07,72,72
SKU-0008,A,C,2025-09-08,18,18
SKU-0013,A,B,2025-09-08,214,214
SKU-0017,B,B,2025-09-08,294,294
SKU-0018,D,B,2025-09-08,65,65
SKU-0045,B,A,2025-09-08,38,38
SKU-0068,C,B,2025-09-08,11,11
SKU-0100,C,A,2025-09-08,61,61
SKU-0132,C,C,2025-09-08,14,14
SKU-0152,B,A,2025-09-08,290,290
SKU-0200,C,C,2025-09-08,355,355
SKU-0226,B,C,2025-09-08,47,47
SKU-0044,E,B,2025-09-09,346,346
SKU-0064,D,B,2025-09-09,91,91
SKU-0080,D,B,2025-09-09,17,17
SKU-0083,D,B,2025-09-09,131,131
SKU-0114,E,C,2025-09-09,106,106
SKU-0119,C,C,2025-09-09,51,51
SKU-0125,D,B,2025-09-09,51,51
SKU-0163,A,C,2025-09-09,249,249
SKU-0177,A,B,2025-09-09,9,9
SKU-0027,C,B,2025-09-10,70,70
SKU-0057,E,A,2025-09-10,78,78
SKU-0094,C,B,2025-09-10,90,90
SKU-0101,C,B,2025-09-10,128,128
SKU-0112,C,C,2025-09-10,1339,1339
SKU-0120,D,A,2025-09-10,11,11
SKU-0155,E,B,2025-09-10,45,45
SKU-0159,B,B,2025-09-10,1009,1009
SKU-0247,D,B,2025-09-10,67,67
SKU-0010,C,C,2025-09-11,172,172
SKU-0019,D,B,2025-09-11,134,134
SKU-0047,A,B,2025-09-11,126,126
SKU-0058,D,A,2025-09-11,29,29
SKU-0115,D,C,2025-09-11,276,276
SKU-0150,C,A,2025-09-11,25,24
SKU-0204,C,B,2025-09-11,48,48
SKU-0212,B,C,2025-09-11,42,42
SKU-0021,B,C,2025-09-12,109,109
SKU-0035,A,B,2025-09-12,58,58
SKU-0056,C,A,2025-09-12,548,548
SKU-0166,D,C,2025-09-12,39,39
SKU-0196,B,B,2025-09-12,88,88
SKU-0198,C,B,2025-09-12,26,26
SKU-0201,D,B,2025-09-12,121,121
SKU-0207,B,C,2025-09-12,90,90
SKU-0225,C,C,2025-09-12,56,56
SKU-0233,D,A,2025-09-12,27,27
SKU-0001,B,C,2025-09-13,63,63
SKU-0016,A,B,2025-09-13,106,106
SKU-0038,C,C,2025-09-13,107,107
SKU-0075,B,C,2025-09-13,270,270
SKU-0095,A,C,2025-09-13,94,94
SKU-0135,B,B,2025-09-13,28,28
SKU-0241,A,C,2025-09-13,83,83
SKU-0041,B,C,2025-09-14,101,101
SKU-0049,C,C,2025-09-14,28,28
SKU-0071,A,B,2025-09-14,35,35
SKU-0097,E,C,2025-09-14,46,46
SKU-0099,B,A,2025-09-14,36,36
SKU-0110,D,C,2025-09-14,83,83
SKU-0174,C,A,2025-09-14,157,157
SKU-0249,B,B,2025-09-14,48,48
SKU-0002,D,C,2025-09-15,401,401
SKU-0081,B,C,2025-09-15,29,29
SKU-0086,B,A,2025-09-15,43,40
SKU-0091,C,C,2025-09-15,103,103
SKU-0104,C,A,2025-09-15,98,98
SKU-0117,C,B,2025-09-15,180,180
SKU-0154,C,C,2025-09-15,45,45
SKU-0181,C,B,2025-09-15,163,163
SKU-0186,A,B,2025-09-15,31,31
SKU-0211,C,C,2025-09-15,198,183
SKU-0221,E,C,2025-09-15,52,52
SKU-0231,B,C,2025-09-15,25,25
SKU-0036,B,B,2025-09-16,32,32
SKU-0051,C,C,2025-09-16,58,58
SKU-0087,B,A,2025-09-16,22,22
SKU-0144,A,C,2025-09-16,20,20
SKU-0199,C,B,2025-09-16,24,24
SKU-0005,A,B,2025-09-17,73,73
SKU-0092,A,C,2025-09-17,76,76
SKU-0116,E,A,2025-09-17,45,45
SKU-0124,D,B,2025-09-17,31,31
SKU-0128,D,C,2025-09-17,62,62
SKU-0162,E,B,2025-09-17,234,234
SKU-0192,A,C,2025-09-17,95,95
SKU-0234,D,C,2025-09-17,313,313
SKU-0243,C,C,2025-09-17,47,47
SKU-0023,A,C,2025-09-18,13,13
SKU-0061,C,A,2025-09-18,41,41
SKU-0122,D,C,2025-09-18,63,63
SKU-0169,B,C,2025-09-18,28,28
SKU-0205,C,C,2025-09-18,52,52
SKU-0020,E,B,2025-09-19,79,79
SKU-0042,A,B,2025-09-19,122,122
SKU-0052,D,C,2025-09-19,54,54
SKU-0060,D,C,2025-09-19,104,104
SKU-0098,D,B,2025-09-19,100,100
SKU-0130,C,C,2025-09-19,61,61
SKU-0158,E,B,2025-09-19,15,15
SKU-0193,C,C,2025-09-19,142,142
SKU-0208,B,C,2025-09-19,241,241
SKU-0229,E,C,2025-09-19,86,86
SKU-0244,D,B,2025-09-19,27,27
SKU-0246,D,B,2025-09-19,26,26
SKU-0007,D,B,2025-09-20,119,119
SKU-0024,C,B,2025-09-20,89,89
SKU-0030,C,B,2025-09-20,101,101
SKU-0048,D,B,2025-09-20,108,108
SKU-0106,B,C,2025-09-20,267,267
SKU-0118,D,C,2025-09-20,900,900
SKU-0134,B,B,2025-09-20,58,58
SKU-0191,C,A,2025-09-20,32,32
SKU-0131,C,C,2025-09-21,65,65
SKU-0146,C,C,2025-09-21,138,138
SKU-0148,C,C,2025-09-21,197,197
SKU-0161,C,C,2025-09-21,182,182
SKU-0164,A,B,2025-09-21,67,67
SKU-0203,E,B,2025-09-21,25,25
SKU-0209,A,C,2025-09-21,68,68
SKU-0224,D,C,2025-09-21,137,137
SKU-0029,C,B,2025-09-22,132,132
SKU-0065,E,A,2025-09-22,456,456
SKU-0123,B,B,2025-09-22,381,381
SKU-0156,B,C,2025-09-22,122,122
SKU-0250,B,B,2025-09-22,14,14
SKU-0028,A,A,2025-09-23,67,66
SKU-0032,B,C,2025-09-23,132,132
SKU-0069,E,B,2025-09-23,68,68
SKU-0107,E,C,2025-09-23,62,62
SKU-0109,D,B,2025-09-23,60,60
SKU-0127,C,A,2025-09-23,23,23
SKU-0151,B,C,2025-09-23,51,51
SKU-0165,C,B,2025-09-23,136,136
SKU-0170,E,A,2025-09-23,349,349
SKU-0176,B,C,2025-09-23,115,115
SKU-0227,A,B,2025-09-23,41,41
SKU-0237,B,C,2025-09-23,239,239
SKU-0040,D,A,2025-09-24,93,86
SKU-0055,D,B,2025-09-24,32,32
SKU-0067,C,C,2025-09-24,47,47
SKU-0121,D,C,2025-09-24,356,356
SKU-0139,E,B,2025-09-24,900,900
SKU-0182,B,C,2025-09-24,238,238
SKU-0187,E,C,2025-09-24,17,17
SKU-0235,C,C,2025-09-24,113,113
SKU-0240,D,C,2025-09-24,233,233
SKU-0245,D,B,2025-09-24,80,80
SKU-0015,B,C,2025-09-25,28,28
SKU-0053,C,C,2025-09-25,624,624
SKU-0077,D,A,2025-09-25,117,117
SKU-0082,D,B,2025-09-25,194,194
SKU-0103,E,C,2025-09-25,84,84
SKU-0137,E,C,2025-09-25,12,12
SKU-0138,B,B,2025-09-25,103,103
SKU-0149,C,B,2025-09-25,65,65
SKU-0180,D,B,2025-09-25,274,274
SKU-0202,D,C,2025-09-25,355,355
SKU-0206,D,B,2025-09-25,100,100
SKU-0214,A,B,2025-09-25,11,11
SKU-0219,D,A,2025-09-25,219,219
SKU-0222,D,A,2025-09-25,83,83
SKU-0228,C,A,2025-09-25,85,85
SKU-0012,D,C,2025-09-26,134,134
SKU-0026,A,C,2025-09-26,87,87
SKU-0088,C,B,2025-09-26,32,32
SKU-0126,C,C,2025-09-26,471,471
SKU-0194,A,C,2025-09-26,70,70
SKU-0195,E,A,2025-09-26,213,213
SKU-0213,A,A,2025-09-26,49,49
SKU-0216,A,A,2025-09-26,40,40
SKU-0232,C,C,2025-09-26,49,49
SKU-0238,E,A,2025-09-26,26,26
SKU-0006,D,B,2025-09-27,354,354
SKU-0037,A,B,2025-09-27,18,18
SKU-0073,A,C,2025-09-27,74,74
SKU-0105,B,B,2025-09-27,80,80
SKU-0143,A,B,2025-09-27,384,384
SKU-0003,A,B,2025-09-28,38,38
SKU-0004,D,C,2025-09-28,129,129
SKU-0043,A,B,2025-09-28,44,44
SKU-0050,A,B,2025-09-28,263,263
SKU-0054,E,C,2025-09-28,146,146
SKU-0066,B,C,2025-09-28,53,53
SKU-0085,C,C,2025-09-28,56,56
SKU-0111,E,C,2025-09-28,81,81
SKU-0113,E,B,2025-09-28,125,125
SKU-0129,D,B,2025-09-28,93,93
SKU-0175,E,A,2025-09-28,233,233
SKU-0188,C,C,2025-09-28,79,79
SKU-0190,D,C,2025-09-28,363,363
SKU-0217,D,B,2025-09-28,49,49
SKU-0239,A,C,2025-09-28,848,848
SKU-0067,C,C,2025-10-01,26,26
SKU-0081,B,C,2025-10-01,105,105
SKU-0107,E,C,2025-10-01,33,33
SKU-0116,E,A,2025-10-01,94,94
SKU-0118,D,C,2025-10-01,58,58
SKU-0134,B,B,2025-10-01,47,47
SKU-0137,E,C,2025-10-01,57,57
SKU-0149,C,B,2025-10-01,33,33
SKU-0186,A,B,2025-10-01,258,258
SKU-0188,C,C,2025-10-01,121,131
SKU-0222,D,A,2025-10-01,104,104
SKU-0016,A,B,2025-10-02,61,61
SKU-0035,A,B,2025-10-02,102,102
SKU-0037,A,B,2025-10-02,27,27
SKU-0039,D,B,2025-10-02,84,84
SKU-0065,E,A,2025-10-02,24,24
SKU-0070,C,C,2025-10-02,130,130
SKU-0078,B,A,2025-10-02,111,111
SKU-0088,C,B,2025-10-02,103,103
SKU-0141,A,C,2025-10-02,1059,1059
SKU-0148,C,C,2025-10-02,86,86
SKU-0151,B,C,2025-10-02,101,101
SKU-0210,D,C,2025-10-02,146,146
SKU-0211,C,C,2025-10-02,80,80
SKU-0215,C,C,2025-10-02,76,76
SKU-0010,C,C,2025-10-03,240,240
SKU-0021,B,C,2025-10-03,28,28
SKU-0024,C,B,2025-10-03,106,106
SKU-0083,D,B,2025-10-03,21,21
SKU-0089,B,A,2025-10-03,35,35
SKU-0111,E,C,2025-10-03,565,565
SKU-0126,C,C,2025-10-03,83,83
SKU-0218,E,C,2025-10-03,38,38
SKU-0068,C,B,2025-10-04,16,16
SKU-0095,A,C,2025-10-04,125,125
SKU-0112,C,C,2025-10-04,101,101
SKU-0152,B,A,2025-10-04,143,143
SKU-0183,D,C,2025-10-04,28,28
SKU-0036,B,B,2025-10-05,18,18
SKU-0092,A,C,2025-10-05,66,66
SKU-0139,E,B,2025-10-05,89,89
SKU-0140,C,A,2025-10-05,227,227
SKU-0153,C,C,2025-10-05,186,177
SKU-0156,B,C,2025-10-05,57,57
SKU-0162,E,B,2025-10-05,217,217
SKU-0194,A,C,2025-10-05,32,32
SKU-0228,C,A,2025-10-05,131,131
SKU-0232,C,C,2025-10-05,71,75
SKU-0233,D,A,2025-10-05,52,54
SKU-0007,D,B,2025-10-06,94,94
SKU-0049,C,C,2025-10-06,126,126
SKU-0055,D,B,2025-10-06,31,31
SKU-0090,C,C,2025-10-06,53,57
SKU-0106,B,C,2025-10-06,181,181
SKU-0131,C,C,2025-10-06,39,39
SKU-0163,A,C,2025-10-06,20,20
SKU-0182,B,C,2025-10-06,69,69
SKU-0206,D,B,2025-10-06,100,100
SKU-0032,B,C,2025-10-07,81,81
SKU-0041,B,C,2025-10-07,25,25
SKU-0044,E,B,2025-10-07,33,33
SKU-0046,B,A,2025-10-07,232,232
SKU-0058,D,A,2025-10-07,154,154
SKU-0144,A,C,2025-10-07,437,437
SKU-0213,A,A,2025-10-07,142,142
SKU-0221,E,C,2025-10-07,216,216
SKU-0234,D,C,2025-10-07,351,351
SKU-0001,B,C,2025-10-08,69,69
SKU-0002,D,C,2025-10-08,94,94
SKU-0005,A,B,2025-10-08,14,14
SKU-0012,D,C,2025-10-08,386,386
SKU-0025,A,C,2025-10-08,47,47
SKU-0028,A,A,2025-10-08,89,89
SKU-0040,D,A,2025-10-08,58,58
SKU-0071,A,B,2025-10-08,415,415
SKU-0084,B,B,2025-10-08,37,37
SKU-0128,D,C,2025-10-08,140,140
SKU-0169,B,C,2025-10-08,24,24
SKU-0004,D,C,2025-10-09,11,11
SKU-0114,E,C,2025-10-09,27,27
SKU-0124,D,B,2025-10-09,1051,1051
SKU-0190,D,C,2025-10-09,142,142
SKU-0192,A,C,2025-10-09,91,91
SKU-0200,C,C,2025-10-09,84,84
SKU-0208,B,C,2025-10-09,89,89
SKU-0212,B,C,2025-10-09,129,129
SKU-0220,D,B,2025-10-09,14,14
SKU-0018,D,B,2025-10-10,85,85
SKU-0026,A,C,2025-10-10,171,171
SKU-0038,C,C,2025-10-10,70,77
SKU-0066,B,C,2025-10-10,92,92
SKU-0117,C,B,2025-10-10,93,93
SKU-0150,C,A,2025-10-10,58,58
SKU-0155,E,B,2025-10-10,27,27
SKU-0165,C,B,2025-10-10,12,12
SKU-0203,E,B,2025-10-10,34,34
SKU-0214,A,B,2025-10-10,405,405
SKU-0231,B,C,2025-10-10,64,64
SKU-0244,D,B,2025-10-10,49,49
SKU-0245,D,B,2025-10-10,131,131
SKU-0250,B,B,2025-10-10,53,53
SKU-0048,D,B,2025-10-11,189,189
SKU-0073,A,C,2025-10-11,116,116
SKU-0087,B,A,2025-10-11,205,205
SKU-0094,C,B,2025-10-11,26,26
SKU-0098,D,B,2025-10-11,78,78
SKU-0127,C,A,2025-10-11,995,995
SKU-0142,D,A,2025-10-11,34,34
SKU-0249,B,B,2025-10-11,61,61
SKU-0042,A,B,2025-10-12,46,46
SKU-0050,A,B,2025-10-12,187,187
SKU-0059,B,C,2025-10-12,25,25
SKU-0100,C,A,2025-10-12,15,15
SKU-0102,C,A,2025-10-12,89,89
SKU-0104,C,A,2025-10-12,132,132
SKU-0166,D,C,2025-10-12,95,95
SKU-0204,C,B,2025-10-12,202,206
SKU-0246,D,B,2025-10-12,48,48
SKU-0006,D,B,2025-10-13,308,308
SKU-0011,B,C,2025-10-13,143,143
SKU-0017,B,B,2025-10-13,428,428
SKU-0030,C,B,2025-10-13,19,19
SKU-0057,E,A,2025-10-13,89,89
SKU-0072,A,C,2025-10-13,79,79
SKU-0080,D,B,2025-10-13,122,122
SKU-0113,E,B,2025-10-13,116,116
SKU-0172,C,B,2025-10-13,123,129
SKU-0184,C,A,2025-10-13,75,81
SKU-0217,D,B,2025-10-13,829,829
SKU-0099,B,A,2025-10-14,91,91
SKU-0191,C,A,2025-10-14,49,49
SKU-0226,B,C,2025-10-14,20,20
SKU-0015,B,C,2025-10-15,121,121
SKU-0109,D,B,2025-10-15,105,105
SKU-0174,C,A,2025-10-15,355,355
SKU-0179,A,C,2025-10-15,23,23
SKU-0223,C,A,2025-10-15,16,16
SKU-0227,A,B,2025-10-15,73,73
SKU-0008,A,C,2025-10-16,72,72
SKU-0014,B,C,2025-10-16,615,615
SKU-0033,D,C,2025-10-16,165,165
SKU-0074,A,C,2025-10-16,129,129
SKU-0085,C,C,2025-10-16,186,186
SKU-0086,B,A,2025-10-16,167,167
SKU-0093,A,C,2025-10-16,15,15
SKU-0158,E,B,2025-10-16,221,221
SKU-0167,A,C,2025-10-16,44,44
SKU-0022,B,B,2025-10-17,36,36
SKU-0031,D,C,2025-10-17,161,161
SKU-0043,A,B,2025-10-17,56,56
SKU-0061,C,A,2025-10-17,111,111
SKU-0091,C,C,2025-10-17,163,163
SKU-0097,E,C,2025-10-17,86,78
SKU-0120,D,A,2025-10-17,177,177
SKU-0202,D,C,2025-10-17,564,564
SKU-0225,C,C,2025-10-17,153,153
SKU-0242,E,B,2025-10-17,152,152
SKU-0122,D,C,2025-10-18,126,126
SKU-0133,C,C,2025-10-18,309,309
SKU-0003,A,B,2025-10-19,545,545
SKU-0019,D,B,2025-10-19,21,21
SKU-0020,E,B,2025-10-19,27,27
SKU-0062,C,A,2025-10-19,349,349
SKU-0064,D,B,2025-10-19,42,42
SKU-0069,E,B,2025-10-19,38,38
SKU-0077,D,A,2025-10-19,46,46
SKU-0079,B,C,2025-10-19,45,45
SKU-0101,C,B,2025-10-19,74,74
SKU-0103,E,C,2025-10-19,32,32
SKU-0105,B,B,2025-10-19,155,155
SKU-0125,D,B,2025-10-19,45,45
SKU-0132,C,C,2025-10-19,92,92
SKU-0170,E,A,2025-10-19,33,33
SKU-0181,C,B,2025-10-19,328,328
SKU-0185,C,C,2025-10-19,133,133
SKU-0009,A,A,2025-10-20,23,23
SKU-0075,B,C,2025-10-20,83,83
SKU-0135,B,B,2025-10-20,10,10
SKU-0196,B,B,2025-10-20,151,151
SKU-0198,C,B,2025-10-20,97,97
SKU-0247,D,B,2025-10-20,42,42
SKU-0013,A,B,2025-10-21,73,73
SKU-0053,C,C,2025-10-21,54,54
SKU-0076,A,C,2025-10-21,74,74
SKU-0130,C,C,2025-10-21,28,28
SKU-0136,E,B,2025-10-21,125,125
SKU-0168,B,C,2025-10-21,26,26
SKU-0175,E,A,2025-10-21,122,135
SKU-0189,D,B,2025-10-21,263,263
SKU-0197,B,A,2025-10-21,154,154
SKU-0205,C,C,2025-10-21,147,147
SKU-0236,B,C,2025-10-21,299,299
SKU-0239,A,C,2025-10-21,43,43
SKU-0241,A,C,2025-10-21,22,22
SKU-0027,C,B,2025-10-22,51,51
SKU-0121,D,C,2025-10-22,68,68
SKU-0129,D,B,2025-10-22,33,33
SKU-0138,B,B,2025-10-22,156,156
SKU-0147,B,C,2025-10-22,82,82
SKU-0178,B,C,2025-10-22,254,254
SKU-0034,B,C,2025-10-23,174,174
SKU-0060,D,C,2025-10-23,74,74
SKU-0096,D,C,2025-10-23,43,43
SKU-0143,A,B,2025-10-23,152,152
SKU-0164,A,B,2025-10-23,401,401
SKU-0209,A,C,2025-10-23,12,12
SKU-0237,B,C,2025-10-23,157,157
SKU-0243,C,C,2025-10-23,26,25
SKU-0052,D,C,2025-10-24,40,40
SKU-0157,D,B,2025-10-24,115,111
SKU-0173,D,C,2025-10-24,25,25
SKU-0180,D,B,2025-10-24,276,276
SKU-0207,B,C,2025-10-24,488,479
SKU-0216,A,A,2025-10-24,65,65
SKU-0235,C,C,2025-10-24,31,31
SKU-0240,D,C,2025-10-24,41,41
SKU-0051,C,C,2025-10-25,775,775
SKU-0054,E,C,2025-10-25,119,119
SKU-0063,C,C,2025-10-25,81,81
SKU-0108,C,B,2025-10-25,50,50
SKU-0115,D,C,2025-10-25,314,314
SKU-0145,E,B,2025-10-25,116,116
SKU-0146,C,C,2025-10-25,17,17
SKU-0160,A,C,2025-10-25,109,109
SKU-0161,C,C,2025-10-25,81,81
SKU-0199,C,B,2025-10-25,50,50
SKU-0219,D,A,2025-10-25,31,31
SKU-0047,A,B,2025-10-26,45,45
SKU-0082,D,B,2025-10-26,52,52
SKU-0123,B,B,2025-10-26,214,214
SKU-0176,B,C,2025-10-26,210,210
SKU-0177,A,B,2025-10-26,36,36
SKU-0187,E,C,2025-10-26,56,56
SKU-0230,C,B,2025-10-26,61,65
SKU-0248,A,B,2025-10-26,56,56
SKU-0023,A,C,2025-10-27,66,66
SKU-0110,D,C,2025-10-27,117,117
SKU-0195,E,A,2025-10-27,81,81
SKU-0238,E,A,2025-10-27,40,40
SKU-0029,C,B,2025-10-28,435,435
SKU-0045,B,A,2025-10-28,220,220
SKU-0056,C,A,2025-10-28,102,102
SKU-0119,C,C,2025-10-28,49,49
SKU-0154,C,C,2025-10-28,142,142
SKU-0159,B,B,2025-10-28,105,105
SKU-0171,C,B,2025-10-28,55,55
SKU-0193,C,C,2025-10-28,158,158
SKU-0201,D,B,2025-10-28,45,45
SKU-0224,D,C,2025-10-28,171,171
SKU-0229,E,C,2025-10-28,56,56
SKU-0014,B,C,2025-11-01,24,24
SKU-0023,A,C,2025-11-01,75,75
SKU-0024,C,B,2025-11-01,180,180
SKU-0130,C,C,2025-11-01,59,59
SKU-0153,C,C,2025-11-01,236,236
SKU-0196,B,B,2025-11-01,34,34
SKU-0214,A,B,2025-11-01,29,29
SKU-0228,C,A,2025-11-01,255,255
SKU-0231,B,C,2025-11-01,103,103
SKU-0234,D,C,2025-11-01,162,162
SKU-0048,D,B,2025-11-02,267,267
SKU-0075,B,C,2025-11-02,112,112
SKU-0159,B,B,2025-11-02,316,316
SKU-0184,C,A,2025-11-02,24,24
SKU-0220,D,B,2025-11-02,31,31
SKU-0236,B,C,2025-11-02,701,701
SKU-0246,D,B,2025-11-02,37,37
SKU-0005,A,B,2025-11-03,58,58
SKU-0065,E,A,2025-11-03,18,18
SKU-0104,C,A,2025-11-03,285,285
SKU-0118,D,C,2025-11-03,84,84
SKU-0125,D,B,2025-11-03,26,26
SKU-0142,D,A,2025-11-03,70,70
SKU-0188,C,C,2025-11-03,35,35
SKU-0225,C,C,2025-11-03,85,85
SKU-0248,A,B,2025-11-03,38,38
SKU-0026,A,C,2025-11-04,49,49
SKU-0046,B,A,2025-11-04,10,10
SKU-0055,D,B,2025-11-04,99,99
SKU-0059,B,C,2025-11-04,59,59
SKU-0081,B,C,2025-11-04,29,29
SKU-0091,C,C,2025-11-04,12,12
SKU-0152,B,A,2025-11-04,37,37
SKU-0156,B,C,2025-11-04,154,154
SKU-0209,A,C,2025-11-04,154,154
SKU-0018,D,B,2025-11-05,59,59
SKU-0019,D,B,2025-11-05,35,35
SKU-0030,C,B,2025-11-05,289,289
SKU-0043,A,B,2025-11-05,125,125
SKU-0057,E,A,2025-11-05,43,43
SKU-0063,C,C,2025-11-05,99,99
SKU-0079,B,C,2025-11-05,231,231
SKU-0099,B,A,2025-11-05,198,198
SKU-0139,E,B,2025-11-05,108,108
SKU-0148,C,C,2025-11-05,61,61
SKU-0192,A,C,2025-11-05,21,21
SKU-0227,A,B,2025-11-05,176,176
SKU-0022,B,B,2025-11-06,136,136
SKU-0071,A,B,2025-11-06,81,81
SKU-0088,C,B,2025-11-06,82,82
SKU-0101,C,B,2025-11-06,23,25
SKU-0102,C,A,2025-11-06,40,43
SKU-0103,E,C,2025-11-06,33,33
SKU-0207,B,C,2025-11-06,224,224
SKU-0216,A,A,2025-11-06,64,64
SKU-0238,E,A,2025-11-06,178,178
SKU-0001,B,C,2025-11-07,139,139
SKU-0070,C,C,2025-11-07,255,255
SKU-0137,E,C,2025-11-07,70,70
SKU-0161,C,C,2025-11-07,141,141
SKU-0169,B,C,2025-11-07,199,199
SKU-0173,D,C,2025-11-07,151,151
SKU-0175,E,A,2025-11-07,94,94
SKU-0178,B,C,2025-11-07,81,81
SKU-0215,C,C,2025-11-07,34,34
SKU-0035,A,B,2025-11-08,105,105
SKU-0109,D,B,2025-11-08,272,272
SKU-0162,E,B,2025-11-08,294,294
SKU-0219,D,A,2025-11-08,257,257
SKU-0009,A,A,2025-11-09,166,166
SKU-0033,D,C,2025-11-09,54,54
SKU-0060,D,C,2025-11-09,62,62
SKU-0077,D,A,2025-11-09,531,531
SKU-0078,B,A,2025-11-09,56,56
SKU-0141,A,C,2025-11-09,62,62
SKU-0157,D,B,2025-11-09,27,27
SKU-0177,A,B,2025-11-09,68,68
SKU-0210,D,C,2025-11-09,130,130
SKU-0235,C,C,2025-11-09,86,86
SKU-0056,C,A,2025-11-10,131,131
SKU-0119,C,C,2025-11-10,43,43
SKU-0134,B,B,2025-11-10,35,35
SKU-0136,E,B,2025-11-10,99,99
SKU-0164,A,B,2025-11-10,38,38
SKU-0165,C,B,2025-11-10,41,41
SKU-0189,D,B,2025-11-10,103,103
SKU-0241,A,C,2025-11-10,110,110
SKU-0245,D,B,2025-11-10,78,78
SKU-0249,B,B,2025-11-10,44,44
SKU-0012,D,C,2025-11-11,27,27
SKU-0047,A,B,2025-11-11,198,198
SKU-0083,D,B,2025-11-11,246,246
SKU-0090,C,C,2025-11-11,27,27
SKU-0110,D,C,2025-11-11,29,29
SKU-0146,C,C,2025-11-11,66,66
SKU-0218,E,C,2025-11-11,202,202
SKU-0027,C,B,2025-11-12,62,57
SKU-0053,C,C,2025-11-12,9,9
SKU-0080,D,B,2025-11-12,70,70
SKU-0087,B,A,2025-11-12,135,135
SKU-0131,C,C,2025-11-12,106,106
SKU-0140,C,A,2025-11-12,56,56
SKU-0168,B,C,2025-11-12,227,227
SKU-0181,C,B,2025-11-12,77,80
SKU-0186,A,B,2025-11-12,21,21
SKU-0229,E,C,2025-11-12,165,166
SKU-0041,B,C,2025-11-13,99,99
SKU-0096,D,C,2025-11-13,136,136
SKU-0100,C,A,2025-11-13,108,111
SKU-0111,E,C,2025-11-13,308,308
SKU-0117,C,B,2025-11-13,83,83
SKU-0191,C,A,2025-11-13,69,69
SKU-0203,E,B,2025-11-13,75,75
SKU-0239,A,C,2025-11-13,20,20
SKU-0037,A,B,2025-11-14,89,89
SKU-0084,B,B,2025-11-14,20,20
SKU-0108,C,B,2025-11-14,43,43
SKU-0116,E,A,2025-11-14,100,100
SKU-0126,C,C,2025-11-14,97,97
SKU-0144,A,C,2025-11-14,115,115
SKU-0147,B,C,2025-11-14,94,94
SKU-0163,A,C,2025-11-14,255,233
SKU-0170,E,A,2025-11-14,24,24
SKU-0242,E,B,2025-11-14,49,49
SKU-0045,B,A,2025-11-15,23,23
SKU-0166,D,C,2025-11-15,253,253
SKU-0199,C,B,2025-11-15,73,73
SKU-0205,C,C,2025-11-15,18,18
SKU-0002,D,C,2025-11-16,216,216
SKU-0029,C,B,2025-11-16,37,37
SKU-0031,D,C,2025-11-16,17,17
SKU-0061,C,A,2025-11-16,334,300
SKU-0064,D,B,2025-11-16,236,236
SKU-0097,E,C,2025-11-16,46,50
SKU-0121,D,C,2025-11-16,92,92
SKU-0151,B,C,2025-11-16,39,39
SKU-0217,D,B,2025-11-16,34,34
SKU-0222,D,A,2025-11-16,71,71
SKU-0223,C,A,2025-11-16,79,79
SKU-0011,B,C,2025-11-17,25,25
SKU-0015,B,C,2025-11-17,10,10
SKU-0020,E,B,2025-11-17,167,167
SKU-0069,E,B,2025-11-17,30,30
SKU-0107,E,C,2025-11-17,33,33
SKU-0115,D,C,2025-11-17,25,25
SKU-0127,C,A,2025-11-17,134,134
SKU-0145,E,B,2025-11-17,110,110
SKU-0154,C,C,2025-11-17,211,211
SKU-0158,E,B,2025-11-17,313,313
SKU-0201,D,B,2025-11-17,56,56
SKU-0224,D,C,2025-11-17,224,224
SKU-0233,D,A,2025-11-17,67,67
SKU-0250,B,B,2025-11-17,132,132
SKU-0007,D,B,2025-11-18,111,111
SKU-0010,C,C,2025-11-18,53,53
SKU-0016,A,B,2025-11-18,45,45
SKU-0032,B,C,2025-11-18,63,63
SKU-0034,B,C,2025-11-18,91,91
SKU-0038,C,C,2025-11-18,88,88
SKU-0049,C,C,2025-11-18,121,121
SKU-0058,D,A,2025-11-18,91,91
SKU-0094,C,B,2025-11-18,69,69
SKU-0150,C,A,2025-11-18,44,44
SKU-0172,C,B,2025-11-18,54,54
SKU-0187,E,C,2025-11-18,85,85
SKU-0200,C,C,2025-11-18,148,148
SKU-0212,B,C,2025-11-18,15,15
SKU-0243,C,C,2025-11-18,205,205
SKU-0003,A,B,2025-11-19,26,26
SKU-0039,D,B,2025-11-19,251,251
SKU-0044,E,B,2025-11-19,16,16
SKU-0054,E,C,2025-11-19,311,311
SKU-0066,B,C,2025-11-19,134,134
SKU-0074,A,C,2025-11-19,262,262
SKU-0093,A,C,2025-11-19,192,192
SKU-0106,B,C,2025-11-19,57,57
SKU-0124,D,B,2025-11-19,134,134
SKU-0193,C,C,2025-11-19,253,253
SKU-0204,C,B,2025-11-19,96,96
SKU-0211,C,C,2025-11-19,31,31
SKU-0237,B,C,2025-11-19,96,96
SKU-0171,C,B,2025-11-20,225,225
SKU-0195,E,A,2025-11-20,24,24
SKU-0202,D,C,2025-11-20,63,63
SKU-0226,B,C,2025-11-20,72,72
SKU-0073,A,C,2025-11-21,97,97
SKU-0095,A,C,2025-11-21,58,58
SKU-0112,C,C,2025-11-21,89,89
SKU-0120,D,A,2025-11-21,53,53
SKU-0190,D,C,2025-11-21,72,72
SKU-0197,B,A,2025-11-21,151,151
SKU-0198,C,B,2025-11-21,82,82
SKU-0208,B,C,2025-11-21,274,274
SKU-0221,E,C,2025-11-21,52,52
SKU-0247,D,B,2025-11-21,30,30
SKU-0008,A,C,2025-11-22,510,510
SKU-0042,A,B,2025-11-22,48,48
SKU-0072,A,C,2025-11-22,114,114
SKU-0113,E,B,2025-11-22,31,31
SKU-0135,B,B,2025-11-22,113,113
SKU-0155,E,B,2025-11-22,497,497
SKU-0160,A,C,2025-11-22,160,160
SKU-0167,A,C,2025-11-22,59,59
SKU-0179,A,C,2025-11-22,130,130
SKU-0017,B,B,2025-11-23,59,59
SKU-0025,A,C,2025-11-23,30,30
SKU-0050,A,B,2025-11-23,37,37
SKU-0092,A,C,2025-11-23,26,26
SKU-0132,C,C,2025-11-23,166,166
SKU-0138,B,B,2025-11-23,142,142
SKU-0149,C,B,2025-11-23,261,261
SKU-0174,C,A,2025-11-23,239,239
SKU-0176,B,C,2025-11-23,303,303
SKU-0183,D,C,2025-11-23,60,60
SKU-0194,A,C,2025-11-23,17,17
SKU-0232,C,C,2025-11-23,276,276
SKU-0240,D,C,2025-11-23,56,53
SKU-0021,B,C,2025-11-24,31,31
SKU-0036,B,B,2025-11-24,154,154
SKU-0062,C,A,2025-11-24,94,84
SKU-0076,A,C,2025-11-24,33,33
SKU-0085,C,C,2025-11-24,29,29
SKU-0123,B,B,2025-11-24,24,24
SKU-0128,D,C,2025-11-24,89,89
SKU-0129,D,B,2025-11-24,86,86
SKU-0133,C,C,2025-11-24,32,32
SKU-0182,B,C,2025-11-24,310,310
SKU-0230,C,B,2025-11-24,59,60
SKU-0013,A,B,2025-11-25,70,70
SKU-0028,A,A,2025-11-25,266,266
SKU-0068,C,B,2025-11-25,141,141
SKU-0089,B,A,2025-11-25,82,82
SKU-0098,D,B,2025-11-25,79,79
SKU-0122,D,C,2025-11-25,68,68
SKU-0051,C,C,2025-11-26,123,123
SKU-0052,D,C,2025-11-26,296,296
SKU-0206,D,B,2025-11-26,70,70
SKU-0213,A,A,2025-11-26,123,123
SKU-0004,D,C,2025-11-27,177,177
SKU-0006,D,B,2025-11-27,139,139
SKU-0040,D,A,2025-11-27,23,23
SKU-0067,C,C,2025-11-27,165,165
SKU-0082,D,B,2025-11-27,315,315
SKU-0143,A,B,2025-11-27,106,106
SKU-0185,C,C,2025-11-27,101,101
SKU-0244,D,B,2025-11-27,161,161
SKU-0086,B,A,2025-11-28,94,94
SKU-0105,B,B,2025-11-28,176,176
SKU-0114,E,C,2025-11-28,71,71
SKU-0180,D,B,2025-11-28,204,204
SKU-0025,A,C,2025-12-01,56,56
SKU-0027,C,B,2025-12-01,12,12
SKU-0045,B,A,2025-12-01,134,134
SKU-0048,D,B,2025-12-01,89,89
SKU-0132,C,C,2025-12-01,170,170
SKU-0139,E,B,2025-12-01,79,79
SKU-0144,A,C,2025-12-01,69,69
SKU-0148,C,C,2025-12-01,96,96
SKU-0192,A,C,2025-12-01,60,60
SKU-0247,D,B,2025-12-01,136,136
SKU-0030,C,B,2025-12-02,163,163
SKU-0033,D,C,2025-12-02,166,166
SKU-0034,B,C,2025-12-02,135,135
SKU-0120,D,A,2025-12-02,31,31
SKU-0138,B,B,2025-12-02,215,215
SKU-0150,C,A,2025-12-02,78,78
SKU-0157,D,B,2025-12-02,121,121
SKU-0217,D,B,2025-12-02,78,78
SKU-0101,C,B,2025-12-03,210,210
SKU-0127,C,A,2025-12-03,14,14
SKU-0128,D,C,2025-12-03,146,146
SKU-0136,E,B,2025-12-03,62,62
SKU-0143,A,B,2025-12-03,116,116
SKU-0194,A,C,2025-12-03,147,147
SKU-0209,A,C,2025-12-03,62,62
SKU-0230,C,B,2025-12-03,165,165
SKU-0231,B,C,2025-12-03,45,45
SKU-0010,C,C,2025-12-04,20,20
SKU-0016,A,B,2025-12-04,79,79
SKU-0056,C,A,2025-12-04,95,95
SKU-0060,D,C,2025-12-04,106,106
SKU-0069,E,B,2025-12-04,131,131
SKU-0082,D,B,2025-12-04,91,91
SKU-0110,D,C,2025-12-04,170,170
SKU-0212,B,C,2025-12-04,160,160
SKU-0054,E,C,2025-12-05,166,166
SKU-0079,B,C,2025-12-05,142,142
SKU-0085,C,C,2025-12-05,290,290
SKU-0121,D,C,2025-12-05,27,27
SKU-0126,C,C,2025-12-05,70,70
SKU-0166,D,C,2025-12-05,82,82
SKU-0172,C,B,2025-12-05,51,51
SKU-0176,B,C,2025-12-05,34,34
SKU-0234,D,C,2025-12-05,107,107
SKU-0004,D,C,2025-12-06,215,215
SKU-0049,C,C,2025-12-06,25,25
SKU-0103,E,C,2025-12-06,67,67
SKU-0170,E,A,2025-12-06,23,23
SKU-0173,D,C,2025-12-06,10,10
SKU-0174,C,A,2025-12-06,32,32
SKU-0195,E,A,2025-12-06,190,190
SKU-0216,A,A,2025-12-06,39,39
SKU-0237,B,C,2025-12-06,70,70
SKU-0046,B,A,2025-12-07,68,68
SKU-0107,E,C,2025-12-07,40,40
SKU-0130,C,C,2025-12-07,8,8
SKU-0153,C,C,2025-12-07,24,24
SKU-0175,E,A,2025-12-07,111,111
SKU-0182,B,C,2025-12-07,92,92
SKU-0197,B,A,2025-12-07,48,48
SKU-0224,D,C,2025-12-07,73,73
SKU-0227,A,B,2025-12-07,81,81
SKU-0228,C,A,2025-12-07,46,46
SKU-0235,C,C,2025-12-07,93,93
SKU-0021,B,C,2025-12-08,514,514
SKU-0044,E,B,2025-12-08,27,27
SKU-0109,D,B,2025-12-08,136,141
SKU-0137,E,C,2025-12-08,59,59
SKU-0156,B,C,2025-12-08,231,231
SKU-0164,A,B,2025-12-08,65,65
SKU-0187,E,C,2025-12-08,35,35
SKU-0239,A,C,2025-12-08,168,173
SKU-0008,A,C,2025-12-09,275,275
SKU-0031,D,C,2025-12-09,35,35
SKU-0040,D,A,2025-12-09,212,212
SKU-0041,B,C,2025-12-09,16,16
SKU-0050,A,B,2025-12-09,307,307
SKU-0066,B,C,2025-12-09,73,73
SKU-0104,C,A,2025-12-09,62,62
SKU-0154,C,C,2025-12-09,98,98
SKU-0221,E,C,2025-12-09,38,38
SKU-0236,B,C,2025-12-09,26,26
SKU-0067,C,C,2025-12-10,204,204
SKU-0084,B,B,2025-12-10,34,34
SKU-0106,B,C,2025-12-10,48,48
SKU-0159,B,B,2025-12-10,77,77
SKU-0193,C,C,2025-12-10,14,14
SKU-0196,B,B,2025-12-10,40,40
SKU-0206,D,B,2025-12-10,36,36
SKU-0219,D,A,2025-12-10,197,197
SKU-0053,C,C,2025-12-11,234,234
SKU-0074,A,C,2025-12-11,46,46
SKU-0092,A,C,2025-12-11,109,109
SKU-0095,A,C,2025-12-11,36,36
SKU-0096,D,C,2025-12-11,48,48
SKU-0140,C,A,2025-12-11,17,17
SKU-0146,C,C,2025-12-11,90,90
SKU-0185,C,C,2025-12-11,127,127
SKU-0189,D,B,2025-12-11,82,82
SKU-0199,C,B,2025-12-11,38,38
SKU-0248,A,B,2025-12-11,203,225
SKU-0058,D,A,2025-12-12,193,176
SKU-0116,E,A,2025-12-12,74,74
SKU-0162,E,B,2025-12-12,66,66
SKU-0001,B,C,2025-12-13,40,40
SKU-0055,D,B,2025-12-13,264,264
SKU-0077,D,A,2025-12-13,120,120
SKU-0088,C,B,2025-12-13,195,195
SKU-0214,A,B,2025-12-13,29,29
SKU-0238,E,A,2025-12-13,153,153
SKU-0043,A,B,2025-12-14,169,169
SKU-0135,B,B,2025-12-14,442,442
SKU-0171,C,B,2025-12-14,63,63
SKU-0190,D,C,2025-12-14,84,84
SKU-0198,C,B,2025-12-14,66,66
SKU-0241,A,C,2025-12-14,147,147
SKU-0023,A,C,2025-12-15,55,55
SKU-0042,A,B,2025-12-15,250,250
SKU-0111,E,C,2025-12-15,176,176
SKU-0113,E,B,2025-12-15,35,35
SKU-0051,C,C,2025-12-16,194,194
SKU-0083,D,B,2025-12-16,19,18
SKU-0089,B,A,2025-12-16,9,9
SKU-0099,B,A,2025-12-16,281,281
SKU-0161,C,C,2025-12-16,12,12
SKU-0184,C,A,2025-12-16,91,91
SKU-0005,A,B,2025-12-17,60,60
SKU-0014,B,C,2025-12-17,77,77
SKU-0019,D,B,2025-12-17,72,72
SKU-0020,E,B,2025-12-17,49,49
SKU-0059,B,C,2025-12-17,57,57
SKU-0068,C,B,2025-12-17,224,224
SKU-0131,C,C,2025-12-17,133,133
SKU-0141,A,C,2025-12-17,87,87
SKU-0167,A,C,2025-12-17,170,170
SKU-0245,D,B,2025-12-17,114,114
SKU-0246,D,B,2025-12-17,31,31
SKU-0249,B,B,2025-12-17,83,83
SKU-0002,D,C,2025-12-18,252,252
SKU-0028,A,A,2025-12-18,37,37
SKU-0035,A,B,2025-12-18,323,323
SKU-0039,D,B,2025-12-18,81,81
SKU-0122,D,C,2025-12-18,219,219
SKU-0152,B,A,2025-12-18,35,35
SKU-0213,A,A,2025-12-18,59,59
SKU-0226,B,C,2025-12-18,68,68
SKU-0243,C,C,2025-12-18,119,119
SKU-0007,D,B,2025-12-19,20,20
SKU-0032,B,C,2025-12-19,73,73
SKU-0063,C,C,2025-12-19,165,163
SKU-0073,A,C,2025-12-19,431,431
SKU-0097,E,C,2025-12-19,23,23
SKU-0105,B,B,2025-12-19,75,75
SKU-0145,E,B,2025-12-19,33,33
SKU-0151,B,C,2025-12-19,502,502
SKU-0181,C,B,2025-12-19,561,561
SKU-0202,D,C,2025-12-19,36,36
SKU-0203,E,B,2025-12-19,71,71
SKU-0204,C,B,2025-12-19,7,7
SKU-0232,C,C,2025-12-19,113,113
SKU-0006,D,B,2025-12-20,230,230
SKU-0026,A,C,2025-12-20,111,111
SKU-0065,E,A,2025-12-20,64,64
SKU-0080,D,B,2025-12-20,22,22
SKU-0081,B,C,2025-12-20,37,37
SKU-0098,D,B,2025-12-20,91,91
SKU-0125,D,B,2025-12-20,115,115
SKU-0178,B,C,2025-12-20,58,58
SKU-0218,E,C,2025-12-20,29,29
SKU-0240,D,C,2025-12-20,17,17
SKU-0242,E,B,2025-12-20,69,69
SKU-0003,A,B,2025-12-21,237,237
SKU-0015,B,C,2025-12-21,44,44
SKU-0070,C,C,2025-12-21,104,104
SKU-0072,A,C,2025-12-21,400,400
SKU-0115,D,C,2025-12-21,16,16
SKU-0124,D,B,2025-12-21,64,64
SKU-0160,A,C,2025-12-21,72,72
SKU-0191,C,A,2025-12-21,335,335
SKU-0233,D,A,2025-12-21,214,214
SKU-0093,A,C,2025-12-22,274,274
SKU-0119,C,C,2025-12-22,93,93
SKU-0223,C,A,2025-12-22,20,20
SKU-0229,E,C,2025-12-22,480,480
SKU-0038,C,C,2025-12-23,44,44
SKU-0061,C,A,2025-12-23,312,312
SKU-0078,B,A,2025-12-23,693,693
SKU-0100,C,A,2025-12-23,118,113
SKU-0114,E,C,2025-12-23,48,48
SKU-0133,C,C,2025-12-23,117,117
SKU-0155,E,B,2025-12-23,517,517
SKU-0158,E,B,2025-12-23,33,33
SKU-0188,C,C,2025-12-23,15,15
SKU-0200,C,C,2025-12-23,157,157
SKU-0201,D,B,2025-12-23,81,81
SKU-0211,C,C,2025-12-23,83,83
SKU-0222,D,A,2025-12-23,65,65
SKU-0225,C,C,2025-12-23,16,16
SKU-0037,A,B,2025-12-24,236,236
SKU-0064,D,B,2025-12-24,66,66
SKU-0075,B,C,2025-12-24,200,200
SKU-0102,C,A,2025-12-24,16,16
SKU-0129,D,B,2025-12-24,54,54
SKU-0163,A,C,2025-12-24,35,35
SKU-0165,C,B,2025-12-24,162,162
SKU-0179,A,C,2025-12-24,13,13
SKU-0244,D,B,2025-12-24,39,39
SKU-0057,E,A,2025-12-25,104,104
SKU-0062,C,A,2025-12-25,75,75
SKU-0094,C,B,2025-12-25,167,167
SKU-0108,C,B,2025-12-25,49,49
SKU-0112,C,C,2025-12-25,83,83
SKU-0123,B,B,2025-12-25,101,101
SKU-0147,B,C,2025-12-25,164,164
SKU-0177,A,B,2025-12-25,22,22
SKU-0205,C,C,2025-12-25,17,17
SKU-0208,B,C,2025-12-25,84,84
SKU-0220,D,B,2025-12-25,121,121
SKU-0011,B,C,2025-12-26,197,197
SKU-0012,D,C,2025-12-26,70,70
SKU-0029,C,B,2025-12-26,38,38
SKU-0036,B,B,2025-12-26,44,44
SKU-0052,D,C,2025-12-26,492,492
SKU-0076,A,C,2025-12-26,59,59
SKU-0087,B,A,2025-12-26,116,116
SKU-0117,C,B,2025-12-26,20,20
SKU-0118,D,C,2025-12-26,83,83
SKU-0149,C,B,2025-12-26,27,27
SKU-0215,C,C,2025-12-26,376,399
SKU-0022,B,B,2025-12-27,78,78
SKU-0071,A,B,2025-12-27,59,59
SKU-0086,B,A,2025-12-27,26,26
SKU-0090,C,C,2025-12-27,260,260
SKU-0091,C,C,2025-12-27,67,64
SKU-0142,D,A,2025-12-27,98,98
SKU-0168,B,C,2025-12-27,103,103
SKU-0180,D,B,2025-12-27,208,208
SKU-0183,D,C,2025-12-27,48,48
SKU-0186,A,B,2025-12-27,69,69
SKU-0210,D,C,2025-12-27,40,40
SKU-0250,B,B,2025-12-27,478,478
SKU-0009,A,A,2025-12-28,335,335
SKU-0013,A,B,2025-12-28,16,16
SKU-0017,B,B,2025-12-28,33,33
SKU-0018,D,B,2025-12-28,124,124
SKU-0024,C,B,2025-12-28,319,319
SKU-0047,A,B,2025-12-28,32,32
SKU-0134,B,B,2025-12-28,131,131
SKU-0169,B,C,2025-12-28,287,287
SKU-0207,B,C,2025-12-28,193,193
SKU-0051,C,C,2026-01-01,57,57
SKU-0070,C,C,2026-01-01,83,83
SKU-0082,D,B,2026-01-01,10,10
SKU-0102,C,A,2026-01-01,14,14
SKU-0145,E,B,2026-01-01,70,70
SKU-0153,C,C,2026-01-01,735,796
SKU-0162,E,B,2026-01-01,181,181
SKU-0192,A,C,2026-01-01,99,99
SKU-0200,C,C,2026-01-01,92,92
SKU-0226,B,C,2026-01-01,35,35
SKU-0232,C,C,2026-01-01,219,219
SKU-0005,A,B,2026-01-02,74,74
SKU-0033,D,C,2026-01-02,83,83
SKU-0046,B,A,2026-01-02,315,315
SKU-0052,D,C,2026-01-02,117,117
SKU-0063,C,C,2026-01-02,17,17
SKU-0076,A,C,2026-01-02,78,78
SKU-0106,B,C,2026-01-02,229,229
SKU-0140,C,A,2026-01-02,69,69
SKU-0152,B,A,2026-01-02,1268,1268
SKU-0177,A,B,2026-01-02,109,109
SKU-0205,C,C,2026-01-02,45,45
SKU-0206,D,B,2026-01-02,38,38
SKU-0008,A,C,2026-01-03,94,94
SKU-0022,B,B,2026-01-03,66,66
SKU-0036,B,B,2026-01-03,271,271
SKU-0067,C,C,2026-01-03,233,233
SKU-0085,C,C,2026-01-03,121,121
SKU-0129,D,B,2026-01-03,222,222
SKU-0135,B,B,2026-01-03,40,40
SKU-0216,A,A,2026-01-03,77,77
SKU-0018,D,B,2026-01-04,26,26
SKU-0028,A,A,2026-01-04,160,160
SKU-0038,C,C,2026-01-04,130,130
SKU-0041,B,C,2026-01-04,194,194
SKU-0191,C,A,2026-01-04,111,112
SKU-0212,B,C,2026-01-04,23,24
SKU-0245,D,B,2026-01-04,327,327
SKU-0081,B,C,2026-01-05,31,31
SKU-0094,C,B,2026-01-05,442,442
SKU-0122,D,C,2026-01-05,276,276
SKU-0189,D,B,2026-01-05,122,122
SKU-0213,A,A,2026-01-05,652,652
SKU-0250,B,B,2026-01-05,81,81
SKU-0025,A,C,2026-01-06,9,9
SKU-0047,A,B,2026-01-06,33,33
SKU-0149,C,B,2026-01-06,34,34
SKU-0231,B,C,2026-01-06,94,94
SKU-0006,D,B,2026-01-07,359,359
SKU-0009,A,A,2026-01-07,96,96
SKU-0015,B,C,2026-01-07,48,48
SKU-0084,B,B,2026-01-07,45,45
SKU-0155,E,B,2026-01-07,43,43
SKU-0166,D,C,2026-01-07,73,73
SKU-0190,D,C,2026-01-07,56,56
SKU-0236,B,C,2026-01-07,67,67
SKU-0021,B,C,2026-01-08,487,487
SKU-0065,E,A,2026-01-08,161,161
SKU-0069,E,B,2026-01-08,116,116
SKU-0073,A,C,2026-01-08,90,90
SKU-0091,C,C,2026-01-08,116,128
SKU-0099,B,A,2026-01-08,68,68
SKU-0115,D,C,2026-01-08,93,93
SKU-0124,D,B,2026-01-08,72,72
SKU-0133,C,C,2026-01-08,17,17
SKU-0157,D,B,2026-01-08,186,186
SKU-0160,A,C,2026-01-08,51,51
SKU-0198,C,B,2026-01-08,49,49
SKU-0233,D,A,2026-01-08,9,9
SKU-0034,B,C,2026-01-09,157,157
SKU-0049,C,C,2026-01-09,128,128
SKU-0075,B,C,2026-01-09,20,20
SKU-0111,E,C,2026-01-09,24,24
SKU-0249,B,B,2026-01-09,139,139
SKU-0086,B,A,2026-01-10,79,79
SKU-0110,D,C,2026-01-10,99,99
SKU-0113,E,B,2026-01-10,48,48
SKU-0131,C,C,2026-01-10,21,21
SKU-0165,C,B,2026-01-10,106,106
SKU-0193,C,C,2026-01-10,186,186
SKU-0218,E,C,2026-01-10,5,5
SKU-0032,B,C,2026-01-11,44,44
SKU-0053,C,C,2026-01-11,41,41
SKU-0100,C,A,2026-01-11,174,174
SKU-0114,E,C,2026-01-11,150,150
SKU-0123,B,B,2026-01-11,58,58
SKU-0126,C,C,2026-01-11,54,50
SKU-0142,D,A,2026-01-11,208,208
SKU-0146,C,C,2026-01-11,281,281
SKU-0169,B,C,2026-01-11,65,65
SKU-0196,B,B,2026-01-11,95,95
SKU-0235,C,C,2026-01-11,31,31
SKU-0039,D,B,2026-01-12,161,161
SKU-0059,B,C,2026-01-12,23,23
SKU-0103,E,C,2026-01-12,98,98
SKU-0163,A,C,2026-01-12,19,19
SKU-0167,A,C,2026-01-12,45,45
SKU-0194,A,C,2026-01-12,117,117
SKU-0208,B,C,2026-01-12,43,43
SKU-0222,D,A,2026-01-12,32,32
SKU-0037,A,B,2026-01-13,177,177
SKU-0090,C,C,2026-01-13,34,34
SKU-0161,C,C,2026-01-13,110,115
SKU-0219,D,A,2026-01-13,99,99
SKU-0221,E,C,2026-01-13,47,47
SKU-0225,C,C,2026-01-13,203,203
SKU-0238,E,A,2026-01-13,131,131
SKU-0060,D,C,2026-01-14,51,51
SKU-0064,D,B,2026-01-14,80,80
SKU-0066,B,C,2026-01-14,171,171
SKU-0132,C,C,2026-01-14,238,238
SKU-0134,B,B,2026-01-14,22,22
SKU-0156,B,C,2026-01-14,22,22
SKU-0170,E,A,2026-01-14,129,129
SKU-0176,B,C,2026-01-14,35,35
SKU-0197,B,A,2026-01-14,123,123
SKU-0234,D,C,2026-01-14,265,265
SKU-0054,E,C,2026-01-15,268,268
SKU-0112,C,C,2026-01-15,43,43
SKU-0125,D,B,2026-01-15,304,304
SKU-0164,A,B,2026-01-15,312,312
SKU-0174,C,A,2026-01-15,34,34
SKU-0220,D,B,2026-01-15,89,89
SKU-0230,C,B,2026-01-15,75,75
SKU-0247,D,B,2026-01-15,233,233
SKU-0013,A,B,2026-01-16,156,156
SKU-0017,B,B,2026-01-16,100,100
SKU-0056,C,A,2026-01-16,80,80
SKU-0077,D,A,2026-01-16,311,311
SKU-0089,B,A,2026-01-16,13,13
SKU-0107,E,C,2026-01-16,856,856
SKU-0150,C,A,2026-01-16,76,76
SKU-0201,D,B,2026-01-16,249,249
SKU-0019,D,B,2026-01-17,13,13
SKU-0044,E,B,2026-01-17,459,459
SKU-0058,D,A,2026-01-17,124,124
SKU-0108,C,B,2026-01-17,86,86
SKU-0139,E,B,2026-01-17,123,123
SKU-0181,C,B,2026-01-17,82,82
SKU-0202,D,C,2026-01-17,80,80
SKU-0239,A,C,2026-01-17,35,35
SKU-0241,A,C,2026-01-17,52,48
SKU-0042,A,B,2026-01-18,386,386
SKU-0050,A,B,2026-01-18,16,16
SKU-0055,D,B,2026-01-18,36,37
SKU-0071,A,B,2026-01-18,56,56
SKU-0118,D,C,2026-01-18,209,209
SKU-0119,C,C,2026-01-18,102,102
SKU-0121,D,C,2026-01-18,59,59
SKU-0130,C,C,2026-01-18,89,89
SKU-0147,B,C,2026-01-18,306,306
SKU-0182,B,C,2026-01-18,7,7
SKU-0183,D,C,2026-01-18,258,258
SKU-0210,D,C,2026-01-18,152,152
SKU-0214,A,B,2026-01-18,122,122
SKU-0023,A,C,2026-01-19,35,35
SKU-0026,A,C,2026-01-19,212,212
SKU-0031,D,C,2026-01-19,89,89
SKU-0045,B,A,2026-01-19,45,45
SKU-0083,D,B,2026-01-19,27,27
SKU-0088,C,B,2026-01-19,20,20
SKU-0092,A,C,2026-01-19,104,104
SKU-0109,D,B,2026-01-19,36,36
SKU-0116,E,A,2026-01-19,53,53
SKU-0120,D,A,2026-01-19,54,54
SKU-0128,D,C,2026-01-19,34,34
SKU-0159,B,B,2026-01-19,62,62
SKU-0173,D,C,2026-01-19,69,69
SKU-0195,E,A,2026-01-19,38,38
SKU-0199,C,B,2026-01-19,76,76
SKU-0061,C,A,2026-01-20,62,62
SKU-0072,A,C,2026-01-20,213,213
SKU-0087,B,A,2026-01-20,92,92
SKU-0158,E,B,2026-01-20,73,73
SKU-0204,C,B,2026-01-20,177,177
SKU-0228,C,A,2026-01-20,27,27
SKU-0248,A,B,2026-01-20,11,11
SKU-0002,D,C,2026-01-21,120,120
SKU-0024,C,B,2026-01-21,475,475
SKU-0030,C,B,2026-01-21,130,130
SKU-0068,C,B,2026-01-21,12,12
SKU-0078,B,A,2026-01-21,42,42
SKU-0093,A,C,2026-01-21,109,119
SKU-0101,C,B,2026-01-21,461,461
SKU-0168,B,C,2026-01-21,54,54
SKU-0184,C,A,2026-01-21,356,378
SKU-0207,B,C,2026-01-21,42,42
SKU-0242,E,B,2026-01-21,30,30
SKU-0010,C,C,2026-01-22,114,114
SKU-0016,A,B,2026-01-22,474,474
SKU-0080,D,B,2026-01-22,69,69
SKU-0138,B,B,2026-01-22,188,188
SKU-0144,A,C,2026-01-22,183,183
SKU-0151,B,C,2026-01-22,161,161
SKU-0178,B,C,2026-01-22,102,102
SKU-0237,B,C,2026-01-22,169,169
SKU-0011,B,C,2026-01-23,78,78
SKU-0020,E,B,2026-01-23,110,110
SKU-0027,C,B,2026-01-23,61,61
SKU-0104,C,A,2026-01-23,86,86
SKU-0154,C,C,2026-01-23,60,60
SKU-0186,A,B,2026-01-23,64,64
SKU-0203,E,B,2026-01-23,51,51
SKU-0224,D,C,2026-01-23,192,192
SKU-0004,D,C,2026-01-24,150,150
SKU-0029,C,B,2026-01-24,110,110
SKU-0048,D,B,2026-01-24,32,32
SKU-0095,A,C,2026-01-24,43,43
SKU-0171,C,B,2026-01-24,192,192
SKU-0172,C,B,2026-01-24,11,11
SKU-0211,C,C,2026-01-24,54,54
SKU-0043,A,B,2026-01-25,287,287
SKU-0074,A,C,2026-01-25,104,104
SKU-0079,B,C,2026-01-25,130,130
SKU-0096,D,C,2026-01-25,405,405
SKU-0097,E,C,2026-01-25,55,56
SKU-0117,C,B,2026-01-25,256,256
SKU-0187,E,C,2026-01-25,48,47
SKU-0217,D,B,2026-01-25,74,74
SKU-0223,C,A,2026-01-25,231,231
SKU-0243,C,C,2026-01-25,31,31
SKU-0014,B,C,2026-01-26,8,8
SKU-0035,A,B,2026-01-26,12,12
SKU-0057,E,A,2026-01-26,59,59
SKU-0098,D,B,2026-01-26,55,55
SKU-0127,C,A,2026-01-26,180,180
SKU-0136,E,B,2026-01-26,98,98
SKU-0143,A,B,2026-01-26,56,56
SKU-0148,C,C,2026-01-26,119,122
SKU-0179,A,C,2026-01-26,62,62
SKU-0185,C,C,2026-01-26,116,116
SKU-0244,D,B,2026-01-26,42,42
SKU-0246,D,B,2026-01-26,74,74
SKU-0001,B,C,2026-01-27,199,199
SKU-0012,D,C,2026-01-27,42,42
SKU-0062,C,A,2026-01-27,47,47
SKU-0141,A,C,2026-01-27,25,25
SKU-0188,C,C,2026-01-27,8,8
SKU-0209,A,C,2026-01-27,329,329
SKU-0215,C,C,2026-01-27,39,39
SKU-0003,A,B,2026-01-28,78,78
SKU-0007,D,B,2026-01-28,36,36
SKU-0040,D,A,2026-01-28,254,248
SKU-0105,B,B,2026-01-28,65,65
SKU-0137,E,C,2026-01-28,116,116
SKU-0175,E,A,2026-01-28,96,96
SKU-0180,D,B,2026-01-28,13,13
SKU-0227,A,B,2026-01-28,26,26
SKU-0229,E,C,2026-01-28,102,102
SKU-0240,D,C,2026-01-28,186,186
SKU-0009,A,A,2026-02-01,1058,1058
SKU-0035,A,B,2026-02-01,532,532
SKU-0043,A,B,2026-02-01,200,200
SKU-0134,B,B,2026-02-01,142,142
SKU-0135,B,B,2026-02-01,25,25
SKU-0169,B,C,2026-02-01,129,129
SKU-0196,B,B,2026-02-01,75,75
SKU-0201,D,B,2026-02-01,123,123
SKU-0018,D,B,2026-02-02,90,90
SKU-0037,A,B,2026-02-02,120,120
SKU-0081,B,C,2026-02-02,61,61
SKU-0092,A,C,2026-02-02,462,462
SKU-0096,D,C,2026-02-02,117,117
SKU-0108,C,B,2026-02-02,79,79
SKU-0124,D,B,2026-02-02,54,54
SKU-0128,D,C,2026-02-02,31,31
SKU-0129,D,B,2026-02-02,272,272
SKU-0139,E,B,2026-02-02,53,53
SKU-0142,D,A,2026-02-02,17,17
SKU-0150,C,A,2026-02-02,285,285
SKU-0164,A,B,2026-02-02,92,92
SKU-0185,C,C,2026-02-02,213,213
SKU-0219,D,A,2026-02-02,31,31
SKU-0020,E,B,2026-02-03,150,150
SKU-0040,D,A,2026-02-03,8,8
SKU-0094,C,B,2026-02-03,108,108
SKU-0117,C,B,2026-02-03,103,112
SKU-0167,A,C,2026-02-03,177,190
SKU-0179,A,C,2026-02-03,41,41
SKU-0189,D,B,2026-02-03,83,83
SKU-0215,C,C,2026-02-03,197,197
SKU-0008,A,C,2026-02-04,101,101
SKU-0023,A,C,2026-02-04,106,106
SKU-0067,C,C,2026-02-04,267,260
SKU-0102,C,A,2026-02-04,13,13
SKU-0126,C,C,2026-02-04,160,160
SKU-0130,C,C,2026-02-04,257,257
SKU-0214,A,B,2026-02-04,39,38
SKU-0250,B,B,2026-02-04,79,79
SKU-0001,B,C,2026-02-05,97,97
SKU-0011,B,C,2026-02-05,128,128
SKU-0024,C,B,2026-02-05,96,96
SKU-0044,E,B,2026-02-05,43,38
SKU-0049,C,C,2026-02-05,355,355
SKU-0091,C,C,2026-02-05,65,65
SKU-0101,C,B,2026-02-05,426,426
SKU-0110,D,C,2026-02-05,74,74
SKU-0119,C,C,2026-02-05,40,40
SKU-0125,D,B,2026-02-05,34,34
SKU-0155,E,B,2026-02-05,194,194
SKU-0163,A,C,2026-02-05,68,68
SKU-0191,C,A,2026-02-05,71,71
SKU-0208,B,C,2026-02-05,195,195
SKU-0212,B,C,2026-02-05,69,69
SKU-0017,B,B,2026-02-06,60,60
SKU-0080,D,B,2026-02-06,44,44
SKU-0087,B,A,2026-02-06,37,37
SKU-0093,A,C,2026-02-06,29,29
SKU-0113,E,B,2026-02-06,706,706
SKU-0116,E,A,2026-02-06,19,19
SKU-0120,D,A,2026-02-06,119,119
SKU-0146,C,C,2026-02-06,103,94
SKU-0200,C,C,2026-02-06,453,453
SKU-0235,C,C,2026-02-06,27,27
SKU-0075,B,C,2026-02-07,284,284
SKU-0095,A,C,2026-02-07,323,323
SKU-0149,C,B,2026-02-07,18,18
SKU-0165,C,B,2026-02-07,70,70
SKU-0198,C,B,2026-02-07,42,42
SKU-0222,D,A,2026-02-07,225,225
SKU-0226,B,C,2026-02-07,46,46
SKU-0227,A,B,2026-02-07,193,193
SKU-0010,C,C,2026-02-08,93,93
SKU-0015,B,C,2026-02-08,49,49
SKU-0021,B,C,2026-02-08,79,79
SKU-0047,A,B,2026-02-08,59,59
SKU-0111,E,C,2026-02-08,257,257
SKU-0141,A,C,2026-02-08,200,200
SKU-0175,E,A,2026-02-08,23,23
SKU-0193,C,C,2026-02-08,55,55
SKU-0236,B,C,2026-02-08,67,67
SKU-0244,D,B,2026-02-08,49,49
SKU-0007,D,B,2026-02-09,69,69
SKU-0051,C,C,2026-02-09,53,53
SKU-0068,C,B,2026-02-09,400,400
SKU-0112,C,C,2026-02-09,39,39
SKU-0114,E,C,2026-02-09,79,79
SKU-0136,E,B,2026-02-09,80,80
SKU-0143,A,B,2026-02-09,73,73
SKU-0147,B,C,2026-02-09,24,24
SKU-0176,B,C,2026-02-09,38,38
SKU-0194,A,C,2026-02-09,78,78
SKU-0223,C,A,2026-02-09,247,247
SKU-0229,E,C,2026-02-09,58,58
SKU-0247,D,B,2026-02-09,15,15
SKU-0060,D,C,2026-02-10,152,152
SKU-0084,B,B,2026-02-10,488,488
SKU-0118,D,C,2026-02-10,199,199
SKU-0158,E,B,2026-02-10,267,267
SKU-0162,E,B,2026-02-10,50,50
SKU-0168,B,C,2026-02-10,42,42
SKU-0174,C,A,2026-02-10,64,64
SKU-0177,A,B,2026-02-10,88,88
SKU-0225,C,C,2026-02-10,10,10
SKU-0242,E,B,2026-02-10,38,38
SKU-0041,B,C,2026-02-11,7,7
SKU-0058,D,A,2026-02-11,74,74
SKU-0063,C,C,2026-02-11,249,249
SKU-0178,B,C,2026-02-11,26,26
SKU-0204,C,B,2026-02-11,190,190
SKU-0205,C,C,2026-02-11,109,109
SKU-0230,C,B,2026-02-11,136,136
SKU-0013,A,B,2026-02-12,50,50
SKU-0045,B,A,2026-02-12,78,78
SKU-0098,D,B,2026-02-12,98,98
SKU-0115,D,C,2026-02-12,387,387
SKU-0123,B,B,2026-02-12,156,156
SKU-0148,C,C,2026-02-12,139,139
SKU-0160,A,C,2026-02-12,332,332
SKU-0173,D,C,2026-02-12,26,26
SKU-0188,C,C,2026-02-12,51,51
SKU-0003,A,B,2026-02-13,87,87
SKU-0033,D,C,2026-02-13,618,618
SKU-0057,E,A,2026-02-13,121,121
SKU-0066,B,C,2026-02-13,40,40
SKU-0079,B,C,2026-02-13,70,70
SKU-0127,C,A,2026-02-13,28,28
SKU-0152,B,A,2026-02-13,60,60
SKU-0216,A,A,2026-02-13,25,25
SKU-0237,B,C,2026-02-13,17,17
SKU-0240,D,C,2026-02-13,42,42
SKU-0012,D,C,2026-02-14,129,129
SKU-0042,A,B,2026-02-14,132,132
SKU-0050,A,B,2026-02-14,176,176
SKU-0056,C,A,2026-02-14,78,78
SKU-0073,A,C,2026-02-14,58,58
SKU-0082,D,B,2026-02-14,31,31
SKU-0083,D,B,2026-02-14,281,281
SKU-0121,D,C,2026-02-14,122,122
SKU-0131,C,C,2026-02-14,32,32
SKU-0161,C,C,2026-02-14,207,222
SKU-0211,C,C,2026-02-14,59,59
SKU-0234,D,C,2026-02-14,91,91
SKU-0006,D,B,2026-02-15,187,187
SKU-0062,C,A,2026-02-15,17,17
SKU-0100,C,A,2026-02-15,25,25
SKU-0105,B,B,2026-02-15,46,46
SKU-0133,C,C,2026-02-15,13,13
SKU-0154,C,C,2026-02-15,289,289
SKU-0159,B,B,2026-02-15,21,21
SKU-0180,D,B,2026-02-15,79,79
SKU-0028,A,A,2026-02-16,177,177
SKU-0055,D,B,2026-02-16,156,156
SKU-0076,A,C,2026-02-16,120,120
SKU-0089,B,A,2026-02-16,436,436
SKU-0166,D,C,2026-02-16,84,84
SKU-0202,D,C,2026-02-16,47,47
SKU-0209,A,C,2026-02-16,33,33
SKU-0213,A,A,2026-02-16,38,38
SKU-0239,A,C,2026-02-16,24,24
SKU-0048,D,B,2026-02-17,33,33
SKU-0086,B,A,2026-02-17,109,109
SKU-0107,E,C,2026-02-17,20,20
SKU-0157,D,B,2026-02-17,74,74
SKU-0181,C,B,2026-02-17,43,42
SKU-0197,B,A,2026-02-17,167,167
SKU-0052,D,C,2026-02-18,360,360
SKU-0053,C,C,2026-02-18,21,21
SKU-0059,B,C,2026-02-18,460,460
SKU-0071,A,B,2026-02-18,56,56
SKU-0138,B,B,2026-02-18,189,189
SKU-0145,E,B,2026-02-18,48,48
SKU-0172,C,B,2026-02-18,64,64
SKU-0182,B,C,2026-02-18,75,75
SKU-0199,C,B,2026-02-18,48,48
SKU-0221,E,C,2026-02-18,182,178
SKU-0016,A,B,2026-02-19,18,18
SKU-0029,C,B,2026-02-19,102,102
SKU-0038,C,C,2026-02-19,105,105
SKU-0069,E,B,2026-02-19,317,317
SKU-0070,C,C,2026-02-19,13,13
SKU-0099,B,A,2026-02-19,203,203
SKU-0104,C,A,2026-02-19,202,202
SKU-0109,D,B,2026-02-19,81,81
SKU-0190,D,C,2026-02-19,224,224
SKU-0206,D,B,2026-02-19,13,13
SKU-0220,D,B,2026-02-19,100,100
SKU-0231,B,C,2026-02-19,64,64
SKU-0014,B,C,2026-02-20,191,191
SKU-0078,B,A,2026-02-20,70,70
SKU-0137,E,C,2026-02-20,172,172
SKU-0187,E,C,2026-02-20,32,32
SKU-0195,E,A,2026-02-20,44,44
SKU-0238,E,A,2026-02-20,27,27
SKU-0243,C,C,2026-02-20,268,268
SKU-0245,D,B,2026-02-20,369,369
SKU-0246,D,B,2026-02-20,222,222
SKU-0036,B,B,2026-02-21,45,45
SKU-0085,C,C,2026-02-21,23,23
SKU-0140,C,A,2026-02-21,25,23
SKU-0156,B,C,2026-02-21,39,39
SKU-0005,A,B,2026-02-22,144,144
SKU-0034,B,C,2026-02-22,138,138
SKU-0039,D,B,2026-02-22,43,43
SKU-0054,E,C,2026-02-22,249,249
SKU-0103,E,C,2026-02-22,41,41
SKU-0224,D,C,2026-02-22,24,24
SKU-0232,C,C,2026-02-22,43,43
SKU-0249,B,B,2026-02-22,16,16
SKU-0025,A,C,2026-02-23,20,20
SKU-0064,D,B,2026-02-23,111,111
SKU-0065,E,A,2026-02-23,108,108
SKU-0170,E,A,2026-02-23,87,87
SKU-0228,C,A,2026-02-23,202,202
SKU-0088,C,B,2026-02-24,36,36
SKU-0183,D,C,2026-02-24,237,237
SKU-0186,A,B,2026-02-24,720,720
SKU-0207,B,C,2026-02-24,137,137
SKU-0210,D,C,2026-02-24,150,150
SKU-0026,A,C,2026-02-25,166,166
SKU-0031,D,C,2026-02-25,35,35
SKU-0077,D,A,2026-02-25,65,65
SKU-0144,A,C,2026-02-25,29,29
SKU-0184,C,A,2026-02-25,134,134
SKU-0004,D,C,2026-02-26,56,56
SKU-0032,B,C,2026-02-26,31,31
SKU-0061,C,A,2026-02-26,247,247
SKU-0072,A,C,2026-02-26,433,433
SKU-0132,C,C,2026-02-26,82,82
SKU-0153,C,C,2026-02-26,24,24
SKU-0192,A,C,2026-02-26,132,132
SKU-0203,E,B,2026-02-26,592,592
SKU-0233,D,A,2026-02-26,58,58
SKU-0002,D,C,2026-02-27,92,92
SKU-0030,C,B,2026-02-27,51,51
SKU-0046,B,A,2026-02-27,208,208
SKU-0074,A,C,2026-02-27,324,324
SKU-0097,E,C,2026-02-27,158,158
SKU-0106,B,C,2026-02-27,53,53
SKU-0122,D,C,2026-02-27,125,125
SKU-0217,D,B,2026-02-27,19,19
SKU-0218,E,C,2026-02-27,110,110
SKU-0019,D,B,2026-02-28,126,126
SKU-0022,B,B,2026-02-28,89,89
SKU-0027,C,B,2026-02-28,69,69
SKU-0090,C,C,2026-02-28,52,52
SKU-0151,B,C,2026-02-28,274,274
SKU-0171,C,B,2026-02-28,201,201
SKU-0241,A,C,2026-02-28,92,92
SKU-0248,A,B,2026-02-28,301,301
SKU-0007,D,B,2026-03-01,119,119
SKU-0044,E,B,2026-03-01,20,20
SKU-0110,D,C,2026-03-01,65,65
SKU-0115,D,C,2026-03-01,58,58
SKU-0122,D,C,2026-03-01,42,42
SKU-0137,E,C,2026-03-01,66,66
SKU-0159,B,B,2026-03-01,238,238
SKU-0167,A,C,2026-03-01,95,95
SKU-0184,C,A,2026-03-01,39,39
SKU-0194,A,C,2026-03-01,58,58
SKU-0230,C,B,2026-03-01,34,34
SKU-0111,E,C,2026-03-02,32,32
SKU-0131,C,C,2026-03-02,38,38
SKU-0135,B,B,2026-03-02,43,43
SKU-0189,D,B,2026-03-02,80,80
SKU-0234,D,C,2026-03-02,236,236
SKU-0237,B,C,2026-03-02,134,134
SKU-0005,A,B,2026-03-03,120,120
SKU-0010,C,C,2026-03-03,161,161
SKU-0051,C,C,2026-03-03,78,78
SKU-0057,E,A,2026-03-03,110,110
SKU-0075,B,C,2026-03-03,13,13
SKU-0113,E,B,2026-03-03,136,136
SKU-0133,C,C,2026-03-03,27,27
SKU-0170,E,A,2026-03-03,35,35
SKU-0192,A,C,2026-03-03,65,65
SKU-0195,E,A,2026-03-03,74,74
SKU-0200,C,C,2026-03-03,137,137
SKU-0058,D,A,2026-03-04,224,224
SKU-0106,B,C,2026-03-04,49,49
SKU-0109,D,B,2026-03-04,51,51
SKU-0140,C,A,2026-03-04,128,128
SKU-0141,A,C,2026-03-04,117,117
SKU-0143,A,B,2026-03-04,35,35
SKU-0148,C,C,2026-03-04,199,199
SKU-0151,B,C,2026-03-04,12,12
SKU-0152,B,A,2026-03-04,85,85
SKU-0183,D,C,2026-03-04,115,115
SKU-0205,C,C,2026-03-04,52,52
SKU-0212,B,C,2026-03-04,239,239
SKU-0012,D,C,2026-03-05,215,215
SKU-0025,A,C,2026-03-05,202,202
SKU-0028,A,A,2026-03-05,29,29
SKU-0039,D,B,2026-03-05,24,24
SKU-0082,D,B,2026-03-05,398,398
SKU-0154,C,C,2026-03-05,62,62
SKU-0213,A,A,2026-03-05,71,71
SKU-0217,D,B,2026-03-05,237,237
SKU-0219,D,A,2026-03-05,27,27
SKU-0231,B,C,2026-03-05,65,65
SKU-0236,B,C,2026-03-05,5,5
SKU-0242,E,B,2026-03-05,126,126
SKU-0243,C,C,2026-03-05,77,77
SKU-0004,D,C,2026-03-06,209,209
SKU-0020,E,B,2026-03-06,198,198
SKU-0027,C,B,2026-03-06,179,179
SKU-0112,C,C,2026-03-06,51,51
SKU-0147,B,C,2026-03-06,135,135
SKU-0158,E,B,2026-03-06,89,89
SKU-0174,C,A,2026-03-06,55,55
SKU-0177,A,B,2026-03-06,40,40
SKU-0191,C,A,2026-03-06,94,100
SKU-0218,E,C,2026-03-06,59,59
SKU-0233,D,A,2026-03-06,72,72
SKU-0249,B,B,2026-03-06,39,39
SKU-0014,B,C,2026-03-07,123,123
SKU-0033,D,C,2026-03-07,33,33
SKU-0061,C,A,2026-03-07,42,44
SKU-0076,A,C,2026-03-07,148,148
SKU-0163,A,C,2026-03-07,98,98
SKU-0176,B,C,2026-03-07,61,61
SKU-0223,C,A,2026-03-07,257,257
SKU-0224,D,C,2026-03-07,140,140
SKU-0018,D,B,2026-03-08,124,124
SKU-0067,C,C,2026-03-08,80,80
SKU-0078,B,A,2026-03-08,81,81
SKU-0085,C,C,2026-03-08,81,81
SKU-0123,B,B,2026-03-08,120,120
SKU-0150,C,A,2026-03-08,26,27
SKU-0185,C,C,2026-03-08,64,68
SKU-0006,D,B,2026-03-09,384,384
SKU-0016,A,B,2026-03-09,60,60
SKU-0089,B,A,2026-03-09,197,203
SKU-0181,C,B,2026-03-09,126,126
SKU-0226,B,C,2026-03-09,38,38
SKU-0034,B,C,2026-03-10,147,147
SKU-0087,B,A,2026-03-10,84,84
SKU-0130,C,C,2026-03-10,277,277
SKU-0155,E,B,2026-03-10,45,45
SKU-0164,A,B,2026-03-10,254,278
SKU-0166,D,C,2026-03-10,267,267
SKU-0204,C,B,2026-03-10,138,138
SKU-0062,C,A,2026-03-11,109,109
SKU-0093,A,C,2026-03-11,188,188
SKU-0198,C,B,2026-03-11,126,126
SKU-0235,C,C,2026-03-11,9,9
SKU-0241,A,C,2026-03-11,94,94
SKU-0017,B,B,2026-03-12,75,75
SKU-0046,B,A,2026-03-12,57,57
SKU-0066,B,C,2026-03-12,127,127
SKU-0136,E,B,2026-03-12,60,60
SKU-0178,B,C,2026-03-12,88,88
SKU-0248,A,B,2026-03-12,88,88
SKU-0032,B,C,2026-03-13,34,34
SKU-0042,A,B,2026-03-13,92,92
SKU-0048,D,B,2026-03-13,81,81
SKU-0060,D,C,2026-03-13,86,86
SKU-0064,D,B,2026-03-13,91,91
SKU-0084,B,B,2026-03-13,62,62
SKU-0103,E,C,2026-03-13,51,51
SKU-0108,C,B,2026-03-13,50,50
SKU-0114,E,C,2026-03-13,44,44
SKU-0153,C,C,2026-03-13,115,115
SKU-0156,B,C,2026-03-13,38,38
SKU-0157,D,B,2026-03-13,39,39
SKU-0165,C,B,2026-03-13,101,105
SKU-0187,E,C,2026-03-13,133,133
SKU-0188,C,C,2026-03-13,19,19
SKU-0227,A,B,2026-03-13,39,39
SKU-0240,D,C,2026-03-13,84,84
SKU-0001,B,C,2026-03-14,23,23
SKU-0023,A,C,2026-03-14,97,97
SKU-0047,A,B,2026-03-14,126,126
SKU-0052,D,C,2026-03-14,61,61
SKU-0053,C,C,2026-03-14,71,71
SKU-0098,D,B,2026-03-14,184,184
SKU-0102,C,A,2026-03-14,44,47
SKU-0126,C,C,2026-03-14,28,28
SKU-0129,D,B,2026-03-14,70,70
SKU-0021,B,C,2026-03-15,116,116
SKU-0073,A,C,2026-03-15,28,28
SKU-0081,B,C,2026-03-15,396,396
SKU-0121,D,C,2026-03-15,145,145
SKU-0127,C,A,2026-03-15,329,329
SKU-0179,A,C,2026-03-15,131,131
SKU-0197,B,A,2026-03-15,99,99
SKU-0221,E,C,2026-03-15,94,94
SKU-0225,C,C,2026-03-15,9,9
SKU-0245,D,B,2026-03-15,44,44
SKU-0246,D,B,2026-03-15,29,30
SKU-0009,A,A,2026-03-16,15,15
SKU-0022,B,B,2026-03-16,22,22
SKU-0088,C,B,2026-03-16,338,338
SKU-0142,D,A,2026-03-16,139,139
SKU-0031,D,C,2026-03-17,178,178
SKU-0050,A,B,2026-03-17,55,55
SKU-0070,C,C,2026-03-17,85,85
SKU-0079,B,C,2026-03-17,35,35
SKU-0124,D,B,2026-03-17,40,40
SKU-0145,E,B,2026-03-17,60,60
SKU-0146,C,C,2026-03-17,36,36
SKU-0171,C,B,2026-03-17,43,43
SKU-0002,D,C,2026-03-18,30,30
SKU-0024,C,B,2026-03-18,26,26
SKU-0036,B,B,2026-03-18,521,521
SKU-0065,E,A,2026-03-18,34,34
SKU-0097,E,C,2026-03-18,9,9
SKU-0100,C,A,2026-03-18,38,38
SKU-0101,C,B,2026-03-18,464,464
SKU-0120,D,A,2026-03-18,42,42
SKU-0132,C,C,2026-03-18,60,60
SKU-0139,E,B,2026-03-18,117,117
SKU-0207,B,C,2026-03-18,27,27
SKU-0216,A,A,2026-03-18,52,52
SKU-0229,E,C,2026-03-18,93,93
SKU-0092,A,C,2026-03-19,124,124
SKU-0094,C,B,2026-03-19,104,104
SKU-0105,B,B,2026-03-19,105,105
SKU-0138,B,B,2026-03-19,25,25
SKU-0215,C,C,2026-03-19,283,283
SKU-0239,A,C,2026-03-19,169,169
SKU-0008,A,C,2026-03-20,31,31
SKU-0059,B,C,2026-03-20,736,736
SKU-0063,C,C,2026-03-20,33,33
SKU-0083,D,B,2026-03-20,31,31
SKU-0116,E,A,2026-03-20,175,175
SKU-0149,C,B,2026-03-20,32,32
SKU-0203,E,B,2026-03-20,368,368
SKU-0019,D,B,2026-03-21,39,39
SKU-0077,D,A,2026-03-21,76,76
SKU-0091,C,C,2026-03-21,38,38
SKU-0095,A,C,2026-03-21,110,110
SKU-0119,C,C,2026-03-21,62,62
SKU-0144,A,C,2026-03-21,72,72
SKU-0161,C,C,2026-03-21,92,92
SKU-0196,B,B,2026-03-21,281,281
SKU-0209,A,C,2026-03-21,92,92
SKU-0228,C,A,2026-03-21,58,57
SKU-0117,C,B,2026-03-22,41,41
SKU-0160,A,C,2026-03-22,495,495
SKU-0238,E,A,2026-03-22,118,118
SKU-0003,A,B,2026-03-23,9,9
SKU-0015,B,C,2026-03-23,410,410
SKU-0026,A,C,2026-03-23,44,44
SKU-0055,D,B,2026-03-23,93,93
SKU-0056,C,A,2026-03-23,72,72
SKU-0074,A,C,2026-03-23,50,50
SKU-0096,D,C,2026-03-23,158,158
SKU-0190,D,C,2026-03-23,122,122
SKU-0201,D,B,2026-03-23,92,92
SKU-0206,D,B,2026-03-23,159,159
SKU-0210,D,C,2026-03-23,237,237
SKU-0011,B,C,2026-03-24,893,893
SKU-0035,A,B,2026-03-24,61,61
SKU-0038,C,C,2026-03-24,173,173
SKU-0040,D,A,2026-03-24,43,43
SKU-0043,A,B,2026-03-24,44,44
SKU-0049,C,C,2026-03-24,102,102
SKU-0054,E,C,2026-03-24,120,120
SKU-0069,E,B,2026-03-24,177,177
SKU-0086,B,A,2026-03-24,74,74
SKU-0118,D,C,2026-03-24,308,308
SKU-0162,E,B,2026-03-24,63,63
SKU-0244,D,B,2026-03-24,27,27
SKU-0247,D,B,2026-03-24,88,88
SKU-0250,B,B,2026-03-24,128,128
SKU-0013,A,B,2026-03-25,103,103
SKU-0128,D,C,2026-03-25,122,122
SKU-0172,C,B,2026-03-25,132,132
SKU-0173,D,C,2026-03-25,220,220
SKU-0199,C,B,2026-03-25,22,22
SKU-0214,A,B,2026-03-25,31,31
SKU-0222,D,A,2026-03-25,143,143
SKU-0041,B,C,2026-03-26,49,49
SKU-0068,C,B,2026-03-26,86,86
SKU-0080,D,B,2026-03-26,24,24
SKU-0125,D,B,2026-03-26,33,33
SKU-0182,B,C,2026-03-26,84,84
SKU-0029,C,B,2026-03-27,34,34
SKU-0037,A,B,2026-03-27,53,53
SKU-0045,B,A,2026-03-27,203,203
SKU-0072,A,C,2026-03-27,154,154
SKU-0090,C,C,2026-03-27,65,65
SKU-0104,C,A,2026-03-27,210,210
SKU-0107,E,C,2026-03-27,99,99
SKU-0134,B,B,2026-03-27,53,53
SKU-0169,B,C,2026-03-27,82,82
SKU-0175,E,A,2026-03-27,24,24
SKU-0186,A,B,2026-03-27,77,77
SKU-0193,C,C,2026-03-27,88,88
SKU-0202,D,C,2026-03-27,17,17
SKU-0211,C,C,2026-03-27,27,27
SKU-0220,D,B,2026-03-27,382,382
SKU-0232,C,C,2026-03-27,109,109
SKU-0030,C,B,2026-03-28,60,60
SKU-0071,A,B,2026-03-28,92,92
SKU-0099,B,A,2026-03-28,34,34
SKU-0168,B,C,2026-03-28,187,187
SKU-0180,D,B,2026-03-28,63,63
SKU-0208,B,C,2026-03-28,17,17
SKU-0022,B,B,2026-04-01,33,33
SKU-0036,B,B,2026-04-01,60,60
SKU-0051,C,C,2026-04-01,76,76
SKU-0071,A,B,2026-04-01,136,136
SKU-0078,B,A,2026-04-01,33,33
SKU-0138,B,B,2026-04-01,28,28
SKU-0147,B,C,2026-04-01,17,17
SKU-0155,E,B,2026-04-01,119,119
SKU-0176,B,C,2026-04-01,72,72
SKU-0185,C,C,2026-04-01,29,29
SKU-0209,A,C,2026-04-01,55,55
SKU-0226,B,C,2026-04-01,51,51
SKU-0239,A,C,2026-04-01,13,13
SKU-0136,E,B,2026-04-02,468,468
SKU-0149,C,B,2026-04-02,36,36
SKU-0166,D,C,2026-04-02,292,292
SKU-0183,D,C,2026-04-02,40,40
SKU-0195,E,A,2026-04-02,350,350
SKU-0196,B,B,2026-04-02,41,41
SKU-0202,D,C,2026-04-02,629,629
SKU-0219,D,A,2026-04-02,224,224
SKU-0006,D,B,2026-04-03,23,23
SKU-0007,D,B,2026-04-03,196,196
SKU-0056,C,A,2026-04-03,30,30
SKU-0092,A,C,2026-04-03,229,229
SKU-0115,D,C,2026-04-03,263,263
SKU-0178,B,C,2026-04-03,194,194
SKU-0232,C,C,2026-04-03,143,143
SKU-0055,D,B,2026-04-04,60,60
SKU-0076,A,C,2026-04-04,99,99
SKU-0179,A,C,2026-04-04,80,80
SKU-0181,C,B,2026-04-04,93,93
SKU-0186,A,B,2026-04-04,43,43
SKU-0192,A,C,2026-04-04,48,48
SKU-0211,C,C,2026-04-04,182,182
SKU-0214,A,B,2026-04-04,76,76
SKU-0233,D,A,2026-04-04,101,101
SKU-0044,E,B,2026-04-05,11,11
SKU-0097,E,C,2026-04-05,302,302
SKU-0118,D,C,2026-04-05,108,108
SKU-0120,D,A,2026-04-05,40,40
SKU-0148,C,C,2026-04-05,81,81
SKU-0203,E,B,2026-04-05,79,79
SKU-0230,C,B,2026-04-05,222,222
SKU-0019,D,B,2026-04-06,188,188
SKU-0064,D,B,2026-04-06,456,456
SKU-0073,A,C,2026-04-06,29,29
SKU-0085,C,C,2026-04-06,229,237
SKU-0125,D,B,2026-04-06,260,260
SKU-0129,D,B,2026-04-06,38,38
SKU-0134,B,B,2026-04-06,59,59
SKU-0154,C,C,2026-04-06,534,534
SKU-0218,E,C,2026-04-06,117,117
SKU-0225,C,C,2026-04-06,111,111
SKU-0241,A,C,2026-04-06,172,172
SKU-0001,B,C,2026-04-07,279,279
SKU-0005,A,B,2026-04-07,88,88
SKU-0087,B,A,2026-04-07,59,59
SKU-0106,B,C,2026-04-07,410,410
SKU-0135,B,B,2026-04-07,88,88
SKU-0243,C,C,2026-04-07,117,117
SKU-0045,B,A,2026-04-08,101,101
SKU-0049,C,C,2026-04-08,682,682
SKU-0067,C,C,2026-04-08,86,86
SKU-0084,B,B,2026-04-08,19,19
SKU-0089,B,A,2026-04-08,21,21
SKU-0100,C,A,2026-04-08,99,99
SKU-0104,C,A,2026-04-08,588,556
SKU-0153,C,C,2026-04-08,87,87
SKU-0169,B,C,2026-04-08,104,104
SKU-0205,C,C,2026-04-08,278,296
SKU-0235,C,C,2026-04-08,29,29
SKU-0248,A,B,2026-04-08,222,222
SKU-0030,C,B,2026-04-09,169,169
SKU-0035,A,B,2026-04-09,24,24
SKU-0043,A,B,2026-04-09,189,189
SKU-0048,D,B,2026-04-09,22,22
SKU-0069,E,B,2026-04-09,116,116
SKU-0082,D,B,2026-04-09,190,190
SKU-0091,C,C,2026-04-09,47,47
SKU-0101,C,B,2026-04-09,245,272
SKU-0103,E,C,2026-04-09,53,53
SKU-0131,C,C,2026-04-09,233,233
SKU-0141,A,C,2026-04-09,52,52
SKU-0204,C,B,2026-04-09,152,152
SKU-0220,D,B,2026-04-09,70,70
SKU-0008,A,C,2026-04-10,47,47
SKU-0021,B,C,2026-04-10,20,20
SKU-0063,C,C,2026-04-10,64,64
SKU-0117,C,B,2026-04-10,17,17
SKU-0158,E,B,2026-04-10,380,380
SKU-0167,A,C,2026-04-10,75,75
SKU-0177,A,B,2026-04-10,165,179
SKU-0194,A,C,2026-04-10,181,181
SKU-0206,D,B,2026-04-10,84,84
SKU-0247,D,B,2026-04-10,118,118
SKU-0040,D,A,2026-04-11,21,21
SKU-0050,A,B,2026-04-11,43,43
SKU-0057,E,A,2026-04-11,171,171
SKU-0126,C,C,2026-04-11,225,225
SKU-0190,D,C,2026-04-11,11,11
SKU-0200,C,C,2026-04-11,131,131
SKU-0221,E,C,2026-04-11,133,133
SKU-0245,D,B,2026-04-11,139,139
SKU-0010,C,C,2026-04-12,39,39
SKU-0058,D,A,2026-04-12,150,150
SKU-0059,B,C,2026-04-12,200,200
SKU-0060,D,C,2026-04-12,143,143
SKU-0065,E,A,2026-04-12,86,86
SKU-0068,C,B,2026-04-12,12,12
SKU-0079,B,C,2026-04-12,205,205
SKU-0083,D,B,2026-04-12,151,151
SKU-0122,D,C,2026-04-12,955,955
SKU-0143,A,B,2026-04-12,219,219
SKU-0157,D,B,2026-04-12,55,55
SKU-0162,E,B,2026-04-12,38,38
SKU-0240,D,C,2026-04-12,10,10
SKU-0053,C,C,2026-04-13,46,46
SKU-0061,C,A,2026-04-13,654,654
SKU-0093,A,C,2026-04-13,46,46
SKU-0133,C,C,2026-04-13,55,55
SKU-0156,B,C,2026-04-13,509,509
SKU-0170,E,A,2026-04-13,14,14
SKU-0201,D,B,2026-04-13,24,24
SKU-0046,B,A,2026-04-14,79,79
SKU-0099,B,A,2026-04-14,13,13
SKU-0113,E,B,2026-04-14,44,44
SKU-0146,C,C,2026-04-14,69,69
SKU-0249,B,B,2026-04-14,61,61
SKU-0002,D,C,2026-04-15,30,30
SKU-0188,C,C,2026-04-15,75,75
SKU-0199,C,B,2026-04-15,24,24
SKU-0210,D,C,2026-04-15,246,246
SKU-0222,D,A,2026-04-15,87,87
SKU-0027,C,B,2026-04-16,30,30
SKU-0098,D,B,2026-04-16,191,191
SKU-0151,B,C,2026-04-16,136,136
SKU-0174,C,A,2026-04-16,27,27
SKU-0180,D,B,2026-04-16,50,50
SKU-0032,B,C,2026-04-17,204,204
SKU-0039,D,B,2026-04-17,79,79
SKU-0111,E,C,2026-04-17,112,112
SKU-0116,E,A,2026-04-17,203,203
SKU-0150,C,A,2026-04-17,124,118
SKU-0173,D,C,2026-04-17,42,42
SKU-0212,B,C,2026-04-17,35,35
SKU-0234,D,C,2026-04-17,248,248
SKU-0012,D,C,2026-04-18,70,70
SKU-0024,C,B,2026-04-18,53,53
SKU-0034,B,C,2026-04-18,21,21
SKU-0038,C,C,2026-04-18,76,76
SKU-0041,B,C,2026-04-18,103,103
SKU-0054,E,C,2026-04-18,102,102
SKU-0072,A,C,2026-04-18,60,60
SKU-0094,C,B,2026-04-18,483,483
SKU-0110,D,C,2026-04-18,55,55
SKU-0119,C,C,2026-04-18,91,91
SKU-0121,D,C,2026-04-18,260,260
SKU-0145,E,B,2026-04-18,480,480
SKU-0159,B,B,2026-04-18,69,69
SKU-0161,C,C,2026-04-18,121,121
SKU-0228,C,A,2026-04-18,37,37
SKU-0242,E,B,2026-04-18,208,208
SKU-0003,A,B,2026-04-19,34,34
SKU-0020,E,B,2026-04-19,66,66
SKU-0028,A,A,2026-04-19,87,87
SKU-0047,A,B,2026-04-19,25,25
SKU-0139,E,B,2026-04-19,421,421
SKU-0189,D,B,2026-04-19,74,74
SKU-0197,B,A,2026-04-19,76,73
SKU-0042,A,B,2026-04-20,48,48
SKU-0074,A,C,2026-04-20,50,50
SKU-0114,E,C,2026-04-20,40,40
SKU-0127,C,A,2026-04-20,42,42
SKU-0193,C,C,2026-04-20,75,72
SKU-0207,B,C,2026-04-20,69,69
SKU-0216,A,A,2026-04-20,309,309
SKU-0023,A,C,2026-04-21,439,439
SKU-0095,A,C,2026-04-21,43,43
SKU-0105,B,B,2026-04-21,158,158
SKU-0112,C,C,2026-04-21,52,52
SKU-0137,E,C,2026-04-21,64,64
SKU-0163,A,C,2026-04-21,112,112
SKU-0182,B,C,2026-04-21,32,32
SKU-0187,E,C,2026-04-21,110,110
SKU-0231,B,C,2026-04-21,234,234
SKU-0016,A,B,2026-04-22,104,104
SKU-0066,B,C,2026-04-22,24,24
SKU-0070,C,C,2026-04-22,78,78
SKU-0077,D,A,2026-04-22,92,92
SKU-0081,B,C,2026-04-22,56,56
SKU-0108,C,B,2026-04-22,117,117
SKU-0109,D,B,2026-04-22,197,197
SKU-0215,C,C,2026-04-22,355,355
SKU-0223,C,A,2026-04-22,210,210
SKU-0229,E,C,2026-04-22,85,85
SKU-0236,B,C,2026-04-22,461,461
SKU-0246,D,B,2026-04-22,42,42
SKU-0014,B,C,2026-04-23,126,126
SKU-0026,A,C,2026-04-23,107,107
SKU-0080,D,B,2026-04-23,93,93
SKU-0124,D,B,2026-04-23,105,105
SKU-0168,B,C,2026-04-23,258,258
SKU-0175,E,A,2026-04-23,108,108
SKU-0244,D,B,2026-04-23,139,139
SKU-0029,C,B,2026-04-24,82,82
SKU-0052,D,C,2026-04-24,106,106
SKU-0062,C,A,2026-04-24,141,141
SKU-0123,B,B,2026-04-24,236,236
SKU-0128,D,C,2026-04-24,93,93
SKU-0165,C,B,2026-04-24,94,94
SKU-0184,C,A,2026-04-24,54,54
SKU-0191,C,A,2026-04-24,38,38
SKU-0208,B,C,2026-04-24,63,63
SKU-0213,A,A,2026-04-24,33,33
SKU-0015,B,C,2026-04-25,108,119
SKU-0025,A,C,2026-04-25,672,672
SKU-0037,A,B,2026-04-25,213,213
SKU-0088,C,B,2026-04-25,13,13
SKU-0090,C,C,2026-04-25,16,16
SKU-0096,D,C,2026-04-25,36,36
SKU-0102,C,A,2026-04-25,196,196
SKU-0142,D,A,2026-04-25,26,26
SKU-0160,A,C,2026-04-25,127,127
SKU-0171,C,B,2026-04-25,329,329
SKU-0224,D,C,2026-04-25,183,183
SKU-0237,B,C,2026-04-25,353,353
SKU-0031,D,C,2026-04-26,56,56
SKU-0033,D,C,2026-04-26,95,95
SKU-0086,B,A,2026-04-26,51,51
SKU-0132,C,C,2026-04-26,72,72
SKU-0140,C,A,2026-04-26,50,50
SKU-0164,A,B,2026-04-26,11,11
SKU-0172,C,B,2026-04-26,72,72
SKU-0227,A,B,2026-04-26,63,63
SKU-0004,D,C,2026-04-27,40,40
SKU-0013,A,B,2026-04-27,50,48
SKU-0018,D,B,2026-04-27,58,58
SKU-0130,C,C,2026-04-27,62,62
SKU-0152,B,A,2026-04-27,16,16
SKU-0009,A,A,2026-04-28,139,139
SKU-0011,B,C,2026-04-28,126,126
SKU-0017,B,B,2026-04-28,430,430
SKU-0075,B,C,2026-04-28,112,112
SKU-0107,E,C,2026-04-28,90,90
SKU-0144,A,C,2026-04-28,88,88
SKU-0198,C,B,2026-04-28,76,76
SKU-0217,D,B,2026-04-28,17,17
SKU-0238,E,A,2026-04-28,171,171
SKU-0250,B,B,2026-04-28,123,123
SKU-0009,A,A,2026-05-01,91,91
SKU-0014,B,C,2026-05-01,602,602
SKU-0039,D,B,2026-05-01,43,43
SKU-0061,C,A,2026-05-01,223,225
SKU-0084,B,B,2026-05-01,48,48
SKU-0144,A,C,2026-05-01,34,34
SKU-0165,C,B,2026-05-01,156,156
SKU-0178,B,C,2026-05-01,17,17
SKU-0181,C,B,2026-05-01,29,29
SKU-0185,C,C,2026-05-01,245,245
SKU-0191,C,A,2026-05-01,23,23
SKU-0192,A,C,2026-05-01,21,21
SKU-0197,B,A,2026-05-01,86,86
SKU-0220,D,B,2026-05-01,76,76
SKU-0230,C,B,2026-05-01,106,113
SKU-0239,A,C,2026-05-01,261,261
SKU-0010,C,C,2026-05-02,32,32
SKU-0025,A,C,2026-05-02,27,27
SKU-0032,B,C,2026-05-02,76,76
SKU-0040,D,A,2026-05-02,58,58
SKU-0081,B,C,2026-05-02,50,50
SKU-0082,D,B,2026-05-02,126,126
SKU-0134,B,B,2026-05-02,75,75
SKU-0147,B,C,2026-05-02,60,60
SKU-0158,E,B,2026-05-02,317,317
SKU-0245,D,B,2026-05-02,97,97
SKU-0250,B,B,2026-05-02,113,113
SKU-0001,B,C,2026-05-03,289,289
SKU-0026,A,C,2026-05-03,431,431
SKU-0035,A,B,2026-05-03,78,78
SKU-0063,C,C,2026-05-03,91,99
SKU-0099,B,A,2026-05-03,64,64
SKU-0129,D,B,2026-05-03,14,14
SKU-0149,C,B,2026-05-03,99,99
SKU-0154,C,C,2026-05-03,32,32
SKU-0199,C,B,2026-05-03,427,427
SKU-0208,B,C,2026-05-03,44,44
SKU-0218,E,C,2026-05-03,184,184
SKU-0004,D,C,2026-05-04,58,58
SKU-0074,A,C,2026-05-04,112,112
SKU-0077,D,A,2026-05-04,38,38
SKU-0115,D,C,2026-05-04,403,403
SKU-0119,C,C,2026-05-04,26,26
SKU-0150,C,A,2026-05-04,153,160
SKU-0180,D,B,2026-05-04,146,146
SKU-0200,C,C,2026-05-04,177,177
SKU-0240,D,C,2026-05-04,26,26
SKU-0024,C,B,2026-05-05,189,189
SKU-0041,B,C,2026-05-05,97,97
SKU-0057,E,A,2026-05-05,115,115
SKU-0091,C,C,2026-05-05,103,103
SKU-0095,A,C,2026-05-05,436,436
SKU-0096,D,C,2026-05-05,227,227
SKU-0116,E,A,2026-05-05,99,99
SKU-0125,D,B,2026-05-05,21,21
SKU-0128,D,C,2026-05-05,102,102
SKU-0188,C,C,2026-05-05,53,53
SKU-0207,B,C,2026-05-05,240,240
SKU-0235,C,C,2026-05-05,11,11
SKU-0238,E,A,2026-05-05,58,58
SKU-0086,B,A,2026-05-06,48,48
SKU-0148,C,C,2026-05-06,18,18
SKU-0152,B,A,2026-05-06,61,61
SKU-0162,E,B,2026-05-06,69,69
SKU-0170,E,A,2026-05-06,298,298
SKU-0209,A,C,2026-05-06,454,432
SKU-0228,C,A,2026-05-06,36,36
SKU-0242,E,B,2026-05-06,221,221
SKU-0005,A,B,2026-05-07,126,126
SKU-0186,A,B,2026-05-07,192,192
SKU-0206,D,B,2026-05-07,62,62
SKU-0013,A,B,2026-05-08,175,175
SKU-0034,B,C,2026-05-08,283,283
SKU-0076,A,C,2026-05-08,116,116
SKU-0092,A,C,2026-05-08,35,35
SKU-0110,D,C,2026-05-08,86,86
SKU-0126,C,C,2026-05-08,318,318
SKU-0131,C,C,2026-05-08,75,75
SKU-0179,A,C,2026-05-08,48,48
SKU-0203,E,B,2026-05-08,493,493
SKU-0213,A,A,2026-05-08,21,23
SKU-0243,C,C,2026-05-08,81,81
SKU-0006,D,B,2026-05-09,84,84
SKU-0037,A,B,2026-05-09,54,54
SKU-0058,D,A,2026-05-09,45,45
SKU-0062,C,A,2026-05-09,69,69
SKU-0117,C,B,2026-05-09,11,11
SKU-0177,A,B,2026-05-09,92,92
SKU-0217,D,B,2026-05-09,14,14
SKU-0008,A,C,2026-05-10,89,89
SKU-0011,B,C,2026-05-10,120,120
SKU-0072,A,C,2026-05-10,57,57
SKU-0101,C,B,2026-05-10,408,408
SKU-0141,A,C,2026-05-10,172,172
SKU-0161,C,C,2026-05-10,102,102
SKU-0237,B,C,2026-05-10,27,27
SKU-0052,D,C,2026-05-11,184,184
SKU-0103,E,C,2026-05-11,81,81
SKU-0121,D,C,2026-05-11,42,42
SKU-0132,C,C,2026-05-11,108,108
SKU-0171,C,B,2026-05-11,18,18
SKU-0201,D,B,2026-05-11,119,119
SKU-0210,D,C,2026-05-11,52,52
SKU-0249,B,B,2026-05-11,113,113
SKU-0002,D,C,2026-05-12,134,134
SKU-0007,D,B,2026-05-12,295,295
SKU-0018,D,B,2026-05-12,225,225
SKU-0045,B,A,2026-05-12,46,46
SKU-0051,C,C,2026-05-12,108,108
SKU-0142,D,A,2026-05-12,17,17
SKU-0216,A,A,2026-05-12,157,157
SKU-0223,C,A,2026-05-12,166,166
SKU-0021,B,C,2026-05-13,36,37
SKU-0049,C,C,2026-05-13,38,38
SKU-0059,B,C,2026-05-13,49,49
SKU-0079,B,C,2026-05-13,50,50
SKU-0100,C,A,2026-05-13,357,357
SKU-0106,B,C,2026-05-13,52,52
SKU-0114,E,C,2026-05-13,156,156
SKU-0145,E,B,2026-05-13,49,49
SKU-0151,B,C,2026-05-13,60,60
SKU-0169,B,C,2026-05-13,68,68
SKU-0174,C,A,2026-05-13,205,205
SKU-0195,E,A,2026-05-13,38,38
SKU-0222,D,A,2026-05-13,56,56
SKU-0017,B,B,2026-05-14,60,60
SKU-0042,A,B,2026-05-14,180,180
SKU-0048,D,B,2026-05-14,147,147
SKU-0054,E,C,2026-05-14,81,81
SKU-0067,C,C,2026-05-14,103,103
SKU-0105,B,B,2026-05-14,49,49
SKU-0139,E,B,2026-05-14,73,73
SKU-0172,C,B,2026-05-14,53,53
SKU-0214,A,B,2026-05-14,138,138
SKU-0070,C,C,2026-05-15,20,20
SKU-0118,D,C,2026-05-15,141,141
SKU-0123,B,B,2026-05-15,266,266
SKU-0135,B,B,2026-05-15,52,52
SKU-0140,C,A,2026-05-15,25,27
SKU-0173,D,C,2026-05-15,232,232
SKU-0184,C,A,2026-05-15,34,34
SKU-0204,C,B,2026-05-15,66,66
SKU-0224,D,C,2026-05-15,30,30
SKU-0244,D,B,2026-05-15,272,272
SKU-0246,D,B,2026-05-15,350,350
SKU-0060,D,C,2026-05-16,149,149
SKU-0080,D,B,2026-05-16,342,342
SKU-0107,E,C,2026-05-16,104,104
SKU-0111,E,C,2026-05-16,97,97
SKU-0112,C,C,2026-05-16,449,449
SKU-0155,E,B,2026-05-16,20,20
SKU-0212,B,C,2026-05-16,47,47
SKU-0050,A,B,2026-05-17,142,142
SKU-0088,C,B,2026-05-17,143,143
SKU-0097,E,C,2026-05-17,111,111
SKU-0109,D,B,2026-05-17,28,28
SKU-0157,D,B,2026-05-17,178,178
SKU-0231,B,C,2026-05-17,70,70
SKU-0247,D,B,2026-05-17,66,66
SKU-0027,C,B,2026-05-18,24,24
SKU-0033,D,C,2026-05-18,168,168
SKU-0055,D,B,2026-05-18,50,50
SKU-0090,C,C,2026-05-18,99,99
SKU-0108,C,B,2026-05-18,1052,1052
SKU-0175,E,A,2026-05-18,38,38
SKU-0187,E,C,2026-05-18,85,85
SKU-0190,D,C,2026-05-18,141,141
SKU-0196,B,B,2026-05-18,89,89
SKU-0215,C,C,2026-05-18,37,37
SKU-0229,E,C,2026-05-18,36,36
SKU-0022,B,B,2026-05-19,5,5
SKU-0036,B,B,2026-05-19,19,19
SKU-0087,B,A,2026-05-19,57,57
SKU-0098,D,B,2026-05-19,89,89
SKU-0143,A,B,2026-05-19,144,144
SKU-0189,D,B,2026-05-19,22,22
SKU-0226,B,C,2026-05-19,184,184
SKU-0233,D,A,2026-05-19,490,490
SKU-0104,C,A,2026-05-20,48,48
SKU-0122,D,C,2026-05-20,22,23
SKU-0127,C,A,2026-05-20,86,86
SKU-0160,A,C,2026-05-20,81,81
SKU-0164,A,B,2026-05-20,75,75
SKU-0167,A,C,2026-05-20,47,47
SKU-0234,D,C,2026-05-20,138,138
SKU-0016,A,B,2026-05-21,81,81
SKU-0031,D,C,2026-05-21,10,10
SKU-0065,E,A,2026-05-21,44,44
SKU-0085,C,C,2026-05-21,41,41
SKU-0176,B,C,2026-05-21,26,26
SKU-0193,C,C,2026-05-21,122,122
SKU-0194,A,C,2026-05-21,106,106
SKU-0211,C,C,2026-05-21,523,523
SKU-0236,B,C,2026-05-21,381,381
SKU-0241,A,C,2026-05-21,108,108
SKU-0003,A,B,2026-05-22,254,254
SKU-0019,D,B,2026-05-22,178,178
SKU-0056,C,A,2026-05-22,27,27
SKU-0073,A,C,2026-05-22,218,218
SKU-0083,D,B,2026-05-22,111,111
SKU-0089,B,A,2026-05-22,42,42
SKU-0102,C,A,2026-05-22,35,35
SKU-0136,E,B,2026-05-22,123,123
SKU-0138,B,B,2026-05-22,49,49
SKU-0156,B,C,2026-05-22,15,15
SKU-0159,B,B,2026-05-22,41,41
SKU-0198,C,B,2026-05-22,835,835
SKU-0227,A,B,2026-05-22,223,223
SKU-0012,D,C,2026-05-23,87,87
SKU-0015,B,C,2026-05-23,98,102
SKU-0028,A,A,2026-05-23,37,37
SKU-0029,C,B,2026-05-23,563,563
SKU-0044,E,B,2026-05-23,86,86
SKU-0047,A,B,2026-05-23,58,58
SKU-0053,C,C,2026-05-23,45,45
SKU-0069,E,B,2026-05-23,75,75
SKU-0093,A,C,2026-05-23,27,27
SKU-0113,E,B,2026-05-23,156,156
SKU-0120,D,A,2026-05-23,81,81
SKU-0202,D,C,2026-05-23,22,22
SKU-0205,C,C,2026-05-23,351,351
SKU-0248,A,B,2026-05-23,52,52
SKU-0124,D,B,2026-05-24,65,65
SKU-0146,C,C,2026-05-24,85,85
SKU-0163,A,C,2026-05-24,132,132
SKU-0168,B,C,2026-05-24,46,46
SKU-0043,A,B,2026-05-25,206,206
SKU-0064,D,B,2026-05-25,123,123
SKU-0182,B,C,2026-05-25,70,70
SKU-0219,D,A,2026-05-25,168,168
SKU-0225,C,C,2026-05-25,108,108
SKU-0020,E,B,2026-05-26,123,123
SKU-0066,B,C,2026-05-26,202,202
SKU-0133,C,C,2026-05-26,24,26
SKU-0137,E,C,2026-05-26,191,191
SKU-0221,E,C,2026-05-26,119,119
SKU-0038,C,C,2026-05-27,24,24
SKU-0068,C,B,2026-05-27,264,264
SKU-0078,B,A,2026-05-27,59,59
SKU-0166,D,C,2026-05-27,31,31
SKU-0183,D,C,2026-05-27,194,194
SKU-0232,C,C,2026-05-27,94,94
SKU-0023,A,C,2026-05-28,344,344
SKU-0030,C,B,2026-05-28,71,71
SKU-0046,B,A,2026-05-28,55,55
SKU-0071,A,B,2026-05-28,19,19
SKU-0075,B,C,2026-05-28,128,128
SKU-0094,C,B,2026-05-28,139,139
SKU-0130,C,C,2026-05-28,30,30
SKU-0153,C,C,2026-05-28,199,199
SKU-0022,B,B,2026-06-01,189,189
SKU-0024,C,B,2026-06-01,60,60
SKU-0059,B,C,2026-06-01,31,31
SKU-0107,E,C,2026-06-01,80,80
SKU-0124,D,B,2026-06-01,2315,2315
SKU-0154,C,C,2026-06-01,180,180
SKU-0234,D,C,2026-06-01,115,115
SKU-0249,B,B,2026-06-01,49,49
SKU-0056,C,A,2026-06-02,161,161
SKU-0064,D,B,2026-06-02,71,71
SKU-0069,E,B,2026-06-02,117,117
SKU-0076,A,C,2026-06-02,61,61
SKU-0185,C,C,2026-06-02,180,180
SKU-0040,D,A,2026-06-03,41,41
SKU-0066,B,C,2026-06-03,202,202
SKU-0067,C,C,2026-06-03,51,51
SKU-0123,B,B,2026-06-03,127,127
SKU-0148,C,C,2026-06-03,132,132
SKU-0160,A,C,2026-06-03,103,103
SKU-0163,A,C,2026-06-03,276,276
SKU-0197,B,A,2026-06-03,135,135
SKU-0237,B,C,2026-06-03,348,348
SKU-0028,A,A,2026-06-04,262,262
SKU-0047,A,B,2026-06-04,72,72
SKU-0050,A,B,2026-06-04,210,210
SKU-0090,C,C,2026-06-04,177,177
SKU-0151,B,C,2026-06-04,107,107
SKU-0173,D,C,2026-06-04,39,39
SKU-0236,B,C,2026-06-04,91,91
SKU-0248,A,B,2026-06-04,156,156
SKU-0002,D,C,2026-06-05,175,175
SKU-0023,A,C,2026-06-05,44,44
SKU-0026,A,C,2026-06-05,35,35
SKU-0049,C,C,2026-06-05,79,79
SKU-0068,C,B,2026-06-05,133,133
SKU-0103,E,C,2026-06-05,67,67
SKU-0117,C,B,2026-06-05,102,102
SKU-0121,D,C,2026-06-05,203,203
SKU-0133,C,C,2026-06-05,65,65
SKU-0180,D,B,2026-06-05,244,244
SKU-0189,D,B,2026-06-05,533,533
SKU-0218,E,C,2026-06-05,392,392
SKU-0229,E,C,2026-06-05,104,104
SKU-0244,D,B,2026-06-05,74,74
SKU-0061,C,A,2026-06-06,61,55
SKU-0095,A,C,2026-06-06,29,29
SKU-0096,D,C,2026-06-06,35,35
SKU-0118,D,C,2026-06-06,203,203
SKU-0135,B,B,2026-06-06,68,68
SKU-0221,E,C,2026-06-06,76,76
SKU-0231,B,C,2026-06-06,122,122
SKU-0241,A,C,2026-06-06,85,85
SKU-0058,D,A,2026-06-07,62,62
SKU-0078,B,A,2026-06-07,50,50
SKU-0097,E,C,2026-06-07,71,71
SKU-0112,C,C,2026-06-07,47,47
SKU-0142,D,A,2026-06-07,50,50
SKU-0162,E,B,2026-06-07,425,425
SKU-0198,C,B,2026-06-07,66,66
SKU-0216,A,A,2026-06-07,69,67
SKU-0243,C,C,2026-06-07,191,191
SKU-0053,C,C,2026-06-08,276,276
SKU-0100,C,A,2026-06-08,49,49
SKU-0113,E,B,2026-06-08,28,28
SKU-0140,C,A,2026-06-08,125,113
SKU-0157,D,B,2026-06-08,8,8
SKU-0182,B,C,2026-06-08,236,236
SKU-0186,A,B,2026-06-08,31,31
SKU-0201,D,B,2026-06-08,364,364
SKU-0007,D,B,2026-06-09,70,70
SKU-0031,D,C,2026-06-09,138,138
SKU-0037,A,B,2026-06-09,28,28
SKU-0041,B,C,2026-06-09,91,91
SKU-0051,C,C,2026-06-09,542,542
SKU-0052,D,C,2026-06-09,107,107
SKU-0073,A,C,2026-06-09,27,27
SKU-0082,D,B,2026-06-09,51,51
SKU-0083,D,B,2026-06-09,36,35
SKU-0128,D,C,2026-06-09,42,42
SKU-0137,E,C,2026-06-09,160,160
SKU-0240,D,C,2026-06-09,102,102
SKU-0055,D,B,2026-06-10,223,223
SKU-0085,C,C,2026-06-10,36,36
SKU-0138,B,B,2026-06-10,124,124
SKU-0167,A,C,2026-06-10,11,11
SKU-0217,D,B,2026-06-10,17,17
SKU-0004,D,C,2026-06-11,279,279
SKU-0077,D,A,2026-06-11,287,287
SKU-0093,A,C,2026-06-11,39,39
SKU-0122,D,C,2026-06-11,107,107
SKU-0131,C,C,2026-06-11,822,822
SKU-0144,A,C,2026-06-11,45,45
SKU-0156,B,C,2026-06-11,77,77
SKU-0161,C,C,2026-06-11,181,181
SKU-0174,C,A,2026-06-11,135,135
SKU-0175,E,A,2026-06-11,102,102
SKU-0029,C,B,2026-06-12,266,278
SKU-0032,B,C,2026-06-12,111,111
SKU-0153,C,C,2026-06-12,15,14
SKU-0183,D,C,2026-06-12,75,75
SKU-0187,E,C,2026-06-12,26,26
SKU-0212,B,C,2026-06-12,33,33
SKU-0247,D,B,2026-06-12,68,68
SKU-0114,E,C,2026-06-13,57,57
SKU-0150,C,A,2026-06-13,118,118
SKU-0200,C,C,2026-06-13,36,36
SKU-0033,D,C,2026-06-14,77,77
SKU-0088,C,B,2026-06-14,186,186
SKU-0159,B,B,2026-06-14,327,327
SKU-0181,C,B,2026-06-14,18,18
SKU-0238,E,A,2026-06-14,18,18
SKU-0054,E,C,2026-06-15,42,42
SKU-0105,B,B,2026-06-15,53,53
SKU-0109,D,B,2026-06-15,200,200
SKU-0110,D,C,2026-06-15,136,136
SKU-0129,D,B,2026-06-15,453,453
SKU-0132,C,C,2026-06-15,8,8
SKU-0192,A,C,2026-06-15,65,65
SKU-0205,C,C,2026-06-15,36,36
SKU-0211,C,C,2026-06-15,25,25
SKU-0230,C,B,2026-06-15,78,78
SKU-0005,A,B,2026-06-16,44,44
SKU-0015,B,C,2026-06-16,65,65
SKU-0039,D,B,2026-06-16,40,40
SKU-0043,A,B,2026-06-16,60,60
SKU-0060,D,C,2026-06-16,100,100
SKU-0074,A,C,2026-06-16,91,91
SKU-0080,D,B,2026-06-16,49,49
SKU-0119,C,C,2026-06-16,46,46
SKU-0130,C,C,2026-06-16,70,70
SKU-0139,E,B,2026-06-16,11,11
SKU-0149,C,B,2026-06-16,132,132
SKU-0225,C,C,2026-06-16,31,31
SKU-0013,A,B,2026-06-17,58,58
SKU-0019,D,B,2026-06-17,23,23
SKU-0030,C,B,2026-06-17,70,70
SKU-0042,A,B,2026-06-17,40,40
SKU-0101,C,B,2026-06-17,41,41
SKU-0141,A,C,2026-06-17,72,72
SKU-0143,A,B,2026-06-17,24,24
SKU-0176,B,C,2026-06-17,179,179
SKU-0188,C,C,2026-06-17,198,219
SKU-0193,C,C,2026-06-17,33,33
SKU-0202,D,C,2026-06-17,52,52
SKU-0204,C,B,2026-06-17,43,43
SKU-0009,A,A,2026-06-18,303,303
SKU-0115,D,C,2026-06-18,40,40
SKU-0134,B,B,2026-06-18,24,24
SKU-0155,E,B,2026-06-18,38,38
SKU-0207,B,C,2026-06-18,210,210
SKU-0045,B,A,2026-06-19,142,142
SKU-0079,B,C,2026-06-19,214,214
SKU-0145,E,B,2026-06-19,39,39
SKU-0194,A,C,2026-06-19,16,16
SKU-0213,A,A,2026-06-19,210,210
SKU-0215,C,C,2026-06-19,23,23
SKU-0220,D,B,2026-06-19,61,61
SKU-0223,C,A,2026-06-19,40,41
SKU-0228,C,A,2026-06-19,55,57
SKU-0242,E,B,2026-06-19,125,125
SKU-0011,B,C,2026-06-20,32,32
SKU-0017,B,B,2026-06-20,36,36
SKU-0034,B,C,2026-06-20,100,104
SKU-0084,B,B,2026-06-20,84,84
SKU-0146,C,C,2026-06-20,14,14
SKU-0152,B,A,2026-06-20,70,70
SKU-0178,B,C,2026-06-20,29,29
SKU-0199,C,B,2026-06-20,413,413
SKU-0219,D,A,2026-06-20,61,61
SKU-0222,D,A,2026-06-20,48,48
SKU-0232,C,C,2026-06-20,88,88
SKU-0020,E,B,2026-06-21,111,111
SKU-0021,B,C,2026-06-21,198,198
SKU-0063,C,C,2026-06-21,147,147
SKU-0091,C,C,2026-06-21,83,76
SKU-0098,D,B,2026-06-21,171,171
SKU-0120,D,A,2026-06-21,114,114
SKU-0209,A,C,2026-06-21,119,119
SKU-0233,D,A,2026-06-21,33,33
SKU-0001,B,C,2026-06-22,40,40
SKU-0016,A,B,2026-06-22,104,104
SKU-0086,B,A,2026-06-22,19,19
SKU-0092,A,C,2026-06-22,73,73
SKU-0203,E,B,2026-06-22,230,230
SKU-0206,D,B,2026-06-22,67,67
SKU-0226,B,C,2026-06-22,17,17
SKU-0048,D,B,2026-06-23,20,20
SKU-0062,C,A,2026-06-23,172,172
SKU-0071,A,B,2026-06-23,360,360
SKU-0108,C,B,2026-06-23,165,165
SKU-0116,E,A,2026-06-23,28,28
SKU-0136,E,B,2026-06-23,37,37
SKU-0166,D,C,2026-06-23,59,59
SKU-0168,B,C,2026-06-23,113,113
SKU-0184,C,A,2026-06-23,119,119
SKU-0190,D,C,2026-06-23,47,47
SKU-0196,B,B,2026-06-23,57,57
SKU-0010,C,C,2026-06-24,119,119
SKU-0070,C,C,2026-06-24,21,21
SKU-0104,C,A,2026-06-24,23,23
SKU-0106,B,C,2026-06-24,32,32
SKU-0111,E,C,2026-06-24,516,516
SKU-0125,D,B,2026-06-24,48,48
SKU-0177,A,B,2026-06-24,206,206
SKU-0035,A,B,2026-06-25,19,19
SKU-0038,C,C,2026-06-25,20,20
SKU-0075,B,C,2026-06-25,84,84
SKU-0099,B,A,2026-06-25,6,6
SKU-0102,C,A,2026-06-25,142,142
SKU-0127,C,A,2026-06-25,31,31
SKU-0179,A,C,2026-06-25,35,35
SKU-0210,D,C,2026-06-25,29,29
SKU-0224,D,C,2026-06-25,107,107
SKU-0227,A,B,2026-06-25,79,79
SKU-0239,A,C,2026-06-25,51,51
SKU-0008,A,C,2026-06-26,94,94
SKU-0025,A,C,2026-06-26,14,14
SKU-0027,C,B,2026-06-26,91,91
SKU-0036,B,B,2026-06-26,215,215
SKU-0046,B,A,2026-06-26,169,169
SKU-0072,A,C,2026-06-26,165,165
SKU-0081,B,C,2026-06-26,24,24
SKU-0087,B,A,2026-06-26,69,72
SKU-0094,C,B,2026-06-26,1381,1332
SKU-0126,C,C,2026-06-26,47,47
SKU-0169,B,C,2026-06-26,147,147
SKU-0171,C,B,2026-06-26,192,192
SKU-0172,C,B,2026-06-26,83,83
SKU-0191,C,A,2026-06-26,236,236
SKU-0214,A,B,2026-06-26,129,129
SKU-0246,D,B,2026-06-26,122,122
SKU-0003,A,B,2026-06-27,96,96
SKU-0014,B,C,2026-06-27,75,75
SKU-0018,D,B,2026-06-27,40,40
SKU-0044,E,B,2026-06-27,90,90
SKU-0165,C,B,2026-06-27,31,31
SKU-0170,E,A,2026-06-27,136,136
SKU-0195,E,A,2026-06-27,204,204
SKU-0250,B,B,2026-06-27,93,93
SKU-0006,D,B,2026-06-28,171,171
SKU-0012,D,C,2026-06-28,339,339
SKU-0057,E,A,2026-06-28,29,29
SKU-0065,E,A,2026-06-28,123,123
SKU-0089,B,A,2026-06-28,123,123
SKU-0147,B,C,2026-06-28,43,43
SKU-0158,E,B,2026-06-28,29,29
SKU-0164,A,B,2026-06-28,178,178
SKU-0208,B,C,2026-06-28,37,37
SKU-0235,C,C,2026-06-28,53,53
SKU-0245,D,B,2026-06-28,35,35
